{
    "normals": [0.301492,-0.904508,-0.301492,0,-0.707083,0.707083,-0.577349,-0.577349,0.577349,-0.707083,-0.707083,0,0.301492,0.904508,-0.301492,-0.707083,0.707083,0,-0.577349,0.577349,0.577349,0,0.707083,0.707083,0.577349,-0.577349,-0.577349,0.577349,0.577349,-0.577349,0.577319,0.577349,0.577349,0.577349,-0.577349,0.577349,-0.577319,0.577349,-0.577349,-0.577319,-0.577349,-0.577349,0,0.707083,-0.707083,0,-0.707083,-0.707083,0.577349,-0.577349,-0.577319,0.577349,0.577319,-0.577349,0.301492,0.904508,0.301492,0.301492,-0.904508,0.301492,0.651753,0.758415,0,0.739555,0.653371,-0.161504,0.739555,-0.653371,-0.161504,0.651753,-0.758415,0,0,-1,0,0.739555,-0.653371,0.161504,0.739555,0.653371,0.161504,0,1,0,-0.577349,0.577349,0.577319,0.577349,0.577349,0.577349,-0.577349,0.577349,-0.577349,-0.577349,-0.577349,-0.577349,0.661397,0.749992,0,0.736717,0.662557,-0.134983,0.736717,-0.662557,-0.134983,0.661397,-0.749992,0,0.736717,-0.662557,0.134983,0.736717,0.662557,0.134983,-0.577349,-0.577349,0.577319,0.615101,0.788415,0,0.742302,0.619098,-0.256233,0.742302,-0.619098,-0.256233,0.615101,-0.788415,0,0.742302,-0.619098,0.256233,0.742302,0.619098,0.256233],
    "faces": [43,23,17,2,14,0,0,1,2,3,0,1,2,3,43,22,15,6,19,0,4,5,6,7,4,5,6,7,43,12,13,5,1,0,8,9,10,11,8,9,10,11,43,17,19,6,2,0,1,7,6,2,1,7,6,2,43,9,11,7,3,0,12,13,14,15,3,5,12,13,43,18,16,3,7,0,16,17,15,14,14,15,13,12,43,14,15,11,9,0,18,19,13,12,3,5,5,3,43,0,4,10,8,0,20,21,22,23,16,17,10,11,43,18,7,11,20,0,16,14,24,25,14,12,5,18,43,16,21,9,3,0,17,26,27,15,15,19,3,13,43,2,6,15,14,0,2,6,19,18,2,6,5,3,43,10,20,21,8,0,28,29,30,31,10,18,19,11,43,20,11,15,22,0,32,13,19,33,18,5,5,4,43,21,23,14,9,0,34,35,18,12,19,0,3,3,43,21,20,22,23,0,30,29,36,37,19,18,4,0,43,23,22,13,12,0,37,36,38,39,0,4,9,8,43,0,8,21,16,0,20,40,26,17,16,11,19,15,43,4,18,20,10,0,21,16,25,41,17,14,18,10,43,4,0,16,18,0,21,20,17,16,17,16,15,14,43,1,5,19,17,0,11,10,7,1,11,10,7,1,43,13,22,19,5,0,42,4,7,10,9,4,7,10,43,12,1,17,23,0,43,11,1,0,8,11,1,0,43,34,29,28,35,0,44,45,46,47,20,21,22,23,43,33,26,30,35,0,48,49,50,47,24,24,25,23,43,34,31,27,32,0,44,51,52,53,20,26,27,27,43,29,34,32,25,0,45,44,53,54,21,20,27,27,43,24,33,35,28,0,55,48,47,46,24,24,23,22,43,31,34,35,30,0,51,44,47,50,26,20,23,25,43,59,53,38,50,0,56,57,58,59,0,1,2,3,43,58,51,42,55,0,60,61,62,63,4,5,28,7,43,48,49,41,37,0,64,65,66,67,8,9,29,11,43,53,55,42,38,0,57,63,62,58,1,7,28,2,43,45,47,43,39,0,68,69,70,71,3,5,30,31,43,54,52,39,43,0,72,73,71,70,14,15,31,30,43,50,51,47,45,0,74,75,69,68,3,5,5,3,43,36,40,46,44,0,76,77,78,79,16,9,10,11,43,54,43,47,56,0,72,70,80,81,14,30,5,18,43,52,57,45,39,0,73,82,83,71,15,19,3,31,43,38,42,51,50,0,58,62,75,74,2,28,5,3,43,46,56,57,44,0,84,85,86,87,10,18,19,11,43,56,47,51,58,0,88,69,75,89,18,5,5,4,43,57,59,50,45,0,90,91,74,68,19,0,3,3,43,57,56,58,59,0,86,85,92,93,19,18,4,0,43,59,58,49,48,0,93,92,94,95,0,4,9,8,43,36,44,57,52,0,76,96,82,73,16,11,19,15,43,40,54,56,46,0,77,72,81,97,9,14,18,10,43,40,36,52,54,0,77,76,73,72,9,16,15,14,43,37,41,55,53,0,67,66,63,57,11,29,7,1,43,49,58,55,41,0,98,60,63,66,9,4,7,29,43,48,37,53,59,0,99,67,57,56,8,11,1,0,43,70,65,64,71,0,44,45,46,47,32,33,34,35,43,69,62,66,71,0,48,49,50,47,24,24,36,35,43,70,67,63,68,0,44,51,52,53,32,37,27,27,43,65,70,68,61,0,45,44,53,54,33,32,27,27,43,60,69,71,64,0,55,48,47,46,24,24,35,34,43,67,70,71,66,0,51,44,47,50,37,32,35,36,43,95,89,74,86,0,100,101,102,103,0,1,38,3,43,94,87,78,91,0,104,105,106,107,4,5,28,7,43,84,85,77,73,0,108,109,110,111,8,9,29,11,43,89,91,78,74,0,101,107,106,102,1,7,28,38,43,81,83,79,75,0,112,113,114,115,3,5,12,13,43,90,88,75,79,0,116,117,115,114,14,15,13,12,43,86,87,83,81,0,118,119,113,112,3,5,5,3,43,72,76,82,80,0,120,121,122,123,16,17,10,11,43,90,79,83,92,0,116,114,124,125,14,12,5,18,43,88,93,81,75,0,117,126,127,115,15,19,3,13,43,74,78,87,86,0,102,106,119,118,38,28,5,3,43,82,92,93,80,0,128,129,130,131,10,18,19,11,43,92,83,87,94,0,132,113,119,133,18,5,5,4,43,93,95,86,81,0,134,135,118,112,19,0,3,3,43,93,92,94,95,0,130,129,136,137,19,18,4,0,43,95,94,85,84,0,137,136,138,139,0,4,9,8,43,72,80,93,88,0,120,140,126,117,16,11,19,15,43,76,90,92,82,0,121,116,125,141,17,14,18,10,43,76,72,88,90,0,121,120,117,116,17,16,15,14,43,73,77,91,89,0,111,110,107,101,11,29,7,1,43,85,94,91,77,0,142,104,107,110,9,4,7,29,43,84,73,89,95,0,143,111,101,100,8,11,1,0,43,106,101,100,107,0,44,45,46,47,39,40,41,42,43,105,98,102,107,0,48,49,50,47,24,24,43,42,43,106,103,99,104,0,44,51,52,53,39,44,27,27,43,101,106,104,97,0,45,44,53,54,40,39,27,27,43,96,105,107,100,0,55,48,47,46,24,24,42,41,43,103,106,107,102,0,51,44,47,50,44,39,42,43,43,131,125,110,122,0,0,1,2,3,0,1,2,3,43,130,123,114,127,0,4,5,6,7,4,5,28,7,43,120,121,113,109,0,8,9,10,11,8,9,10,11,43,125,127,114,110,0,1,7,6,2,1,7,28,2,43,117,119,115,111,0,12,13,14,15,3,5,12,13,43,126,124,111,115,0,16,17,15,14,14,15,13,12,43,122,123,119,117,0,18,19,13,12,3,5,5,3,43,108,112,118,116,0,20,21,22,23,16,9,10,11,43,126,115,119,128,0,16,14,24,25,14,12,5,18,43,124,129,117,111,0,17,26,27,15,15,19,3,13,43,110,114,123,122,0,2,6,19,18,2,28,5,3,43,118,128,129,116,0,28,29,30,31,10,18,19,11,43,128,119,123,130,0,32,13,19,33,18,5,5,4,43,129,131,122,117,0,34,35,18,12,19,0,3,3,43,129,128,130,131,0,30,29,36,37,19,18,4,0,43,131,130,121,120,0,37,36,38,39,0,4,9,8,43,108,116,129,124,0,20,40,26,17,16,11,19,15,43,112,126,128,118,0,21,16,25,41,9,14,18,10,43,112,108,124,126,0,21,20,17,16,9,16,15,14,43,109,113,127,125,0,11,10,7,1,11,10,7,1,43,121,130,127,113,0,42,4,7,10,9,4,7,10,43,120,109,125,131,0,43,11,1,0,8,11,1,0,43,142,137,136,143,0,44,45,46,47,20,21,22,23,43,141,134,138,143,0,48,49,50,47,24,24,25,23,43,142,139,135,140,0,44,51,52,53,20,26,27,27,43,137,142,140,133,0,45,44,53,54,21,20,27,27,43,132,141,143,136,0,55,48,47,46,24,24,23,22,43,139,142,143,138,0,51,44,47,50,26,20,23,25,43,167,161,146,158,0,56,57,58,59,0,1,38,3,43,166,159,150,163,0,60,61,62,63,4,5,28,7,43,156,157,149,145,0,64,65,66,67,8,9,29,11,43,161,163,150,146,0,57,63,62,58,1,7,28,38,43,153,155,151,147,0,68,69,70,71,3,5,12,13,43,162,160,147,151,0,72,73,71,70,14,15,13,12,43,158,159,155,153,0,74,75,69,68,3,5,5,3,43,144,148,154,152,0,76,77,78,79,16,9,10,11,43,162,151,155,164,0,72,70,80,81,14,12,5,18,43,160,165,153,147,0,73,82,83,71,15,19,3,13,43,146,150,159,158,0,58,62,75,74,38,28,5,3,43,154,164,165,152,0,84,85,86,87,10,18,19,11,43,164,155,159,166,0,88,69,75,89,18,5,5,4,43,165,167,158,153,0,90,91,74,68,19,0,3,3,43,165,164,166,167,0,86,85,92,93,19,18,4,0,43,167,166,157,156,0,93,92,94,95,0,4,9,8,43,144,152,165,160,0,76,96,82,73,16,11,19,15,43,148,162,164,154,0,77,72,81,97,9,14,18,10,43,148,144,160,162,0,77,76,73,72,9,16,15,14,43,145,149,163,161,0,67,66,63,57,11,29,7,1,43,157,166,163,149,0,98,60,63,66,9,4,7,29,43,156,145,161,167,0,99,67,57,56,8,11,1,0,43,178,173,172,179,0,44,45,46,47,32,33,34,35,43,177,170,174,179,0,48,49,50,47,24,24,36,35,43,178,175,171,176,0,44,51,52,53,32,37,27,27,43,173,178,176,169,0,45,44,53,54,33,32,27,27,43,168,177,179,172,0,55,48,47,46,24,24,35,34,43,175,178,179,174,0,51,44,47,50,37,32,35,36,43,203,197,182,194,0,100,101,102,103,0,1,38,3,43,202,195,186,199,0,104,105,106,107,4,5,28,7,43,192,193,185,181,0,108,109,110,111,8,9,29,11,43,197,199,186,182,0,101,107,106,102,1,7,28,38,43,189,191,187,183,0,112,113,114,115,3,5,12,13,43,198,196,183,187,0,116,117,115,114,14,15,13,12,43,194,195,191,189,0,118,119,113,112,3,5,5,3,43,180,184,190,188,0,120,121,122,123,16,17,10,11,43,198,187,191,200,0,116,114,124,125,14,12,5,18,43,196,201,189,183,0,117,126,127,115,15,19,3,13,43,182,186,195,194,0,102,106,119,118,38,28,5,3,43,190,200,201,188,0,128,129,130,131,10,18,19,11,43,200,191,195,202,0,132,113,119,133,18,5,5,4,43,201,203,194,189,0,134,135,118,112,19,0,3,3,43,201,200,202,203,0,130,129,136,137,19,18,4,0,43,203,202,193,192,0,137,136,138,139,0,4,9,8,43,180,188,201,196,0,120,140,126,117,16,11,19,15,43,184,198,200,190,0,121,116,125,141,17,14,18,10,43,184,180,196,198,0,121,120,117,116,17,16,15,14,43,181,185,199,197,0,111,110,107,101,11,29,7,1,43,193,202,199,185,0,142,104,107,110,9,4,7,29,43,192,181,197,203,0,143,111,101,100,8,11,1,0,43,214,209,