{
    "materials": [{
        "mapDiffuse": "wood-2.jpg",
        "mapDiffuseRepeat": [1,1],
        "specularCoef": 50,
        "visible": true,
        "depthTest": true,
        "colorEmissive": [0,0,0],
        "colorAmbient": [0.64,0.64,0.64],
        "colorSpecular": [0.5,0.5,0.5],
        "DbgIndex": 0,
        "transparent": false,
        "DbgColor": 15658734,
        "depthWrite": true,
        "wireframe": false,
        "colorDiffuse": [0.64,0.64,0.64],
        "DbgName": "BoxMat",
        "opacity": 1,
        "mapDiffuseAnisotropy": 1,
        "blending": "NormalBlending",
        "mapDiffuseWrap": ["RepeatWrapping","RepeatWrapping"],
        "shading": "lambert"
    }],
    "normals": [0,-0.707083,-0.707083,0,-0.707083,0.707083,-0.577349,-0.577349,0.577349,-0.577349,-0.577349,-0.577349,0,0.707083,-0.707083,-0.577349,0.577349,-0.577349,-0.577349,0.577349,0.577349,0,0.707083,0.707083,0.577349,-0.577349,-0.577349,0.577349,0.577349,-0.577349,0.577349,0.577349,0.577349,0.577349,-0.577349,0.577349,0.301492,-0.301492,0.904508,-0.301492,-0.301492,0.904508,0.301492,0.301492,0.904508,-0.301492,0.301492,0.904508],
    "vertices": [4,-8.74228e-08,-2,4,6.55671e-08,1.5,-4,6.55671e-08,1.5,-4,-8.74228e-08,-2,4,4,-2,4,4,1.5,-4,4,1.5,-4,4,-2,3.8,0.2,1.5,-3.8,0.2,1.5,3.8,3.8,1.5,-3.8,3.8,1.5,3.8,0.2,-1.8,-3.8,0.2,-1.8,3.8,3.8,-1.8,-3.8,3.8,-1.8,-3.9,0.1,1.6,-3.9,3.9,1.6,-3.9,0.1,1.5,-3.9,3.9,1.5,-0.1,0.1,1.6,-0.1,3.9,1.6,-0.1,0.1,1.5,-0.1,3.9,1.5,0.1,0.1,1.6,0.1,3.9,1.6,0.1,0.1,1.5,0.1,3.9,1.5,3.9,0.1,1.6,3.9,3.9,1.6,3.9,0.1,1.5,3.9,3.9,1.5,-0.2,-8.74228e-08,-2,-0.2,6.55671e-08,1.5,-0.199999,4,-2,-0.200001,4,1.5,-0.2,0.2,1.5,-0.200001,3.8,1.5,-0.199999,0.2,-1.8,-0.2,3.8,-1.8,0.2,-8.74228e-08,-2,0.2,6.55671e-08,1.5,0.200001,4,-2,0.199999,4,1.5,0.2,0.2,1.5,0.199999,3.8,1.5,0.200001,0.2,-1.8,0.2,3.8,-1.8],
    "uvs": [[0.241608,0.371258,0.241608,0.532525,0.132177,0.532525,0.132177,0.371258,0.241608,0.186952,0.132177,0.186952,0.132177,0.0256847,0.241608,0.0256848,0.362558,0.371258,0.362559,0.186952,0.463351,0.186953,0.463351,0.371258,0.137936,0.0164694,0.241608,0.0164694,0.0313844,0.371258,0.0313844,0.186952,0.67374,0.994843,0.570068,0.994843,0.570068,0.842791,0.67374,0.842791,0.0256249,0.362042,0.0256249,0.196167,0.46911,0.196168,0.46911,0.362043,0.253127,0.532525,0.362558,0.532525,0.356799,0.54174,0.253127,0.54174,0.67374,0.676916,0.570068,0.676916,0.768773,0.192628,0.768773,0.358503,0.67374,0.358503,0.67374,0.192628,0.475036,0.842791,0.475036,0.676916,0.570068,0.040576,0.67374,0.0405761,0.570068,0.192628,0.0474455,0.581644,0.0503253,0.581644,0.0503253,0.756734,0.0474455,0.756734,0.159757,0.581644,0.159757,0.756734,0.162637,0.581644,0.162636,0.756734,0.282194,0.755312,0.172762,0.755312,0.172762,0.580221,0.282194,0.580221,0.0503253,0.761342,0.159757,0.761342,0.159757,0.577037,0.0503253,0.577036,0.047127,0.774037,0.0500068,0.774037,0.050007,0.949127,0.0471272,0.949127,0.159438,0.774037,0.159438,0.949127,0.162318,0.774037,0.162318,0.949127,0.282902,0.944436,0.17347,0.944436,0.17347,0.769346,0.282902,0.769346,0.050007,0.953735,0.159438,0.953735,0.159438,0.769429,0.0500069,0.769429,0.570068,0.524864,0.67374,0.524864,0.292862,0.584031,0.304381,0.584031,0.304381,0.749906,0.292862,0.749906,0.241608,0.54174,0.137936,0.541741,0.768773,0.676916,0.768773,0.842791,0.253127,0.186952,0.253127,0.371258,0.253127,0.0256848,0.253127,0.0164694,0.362559,0.0256849,0.356799,0.0164696,0.67374,0.510555,0.570068,0.510555,0.570068,0.358503,0.475036,0.192628,0.475036,0.358503]],
    "metadata": {
        "vertices": 48,
        "normals": 16,
        "faces": 42,
        "materials": 1,
        "version": 3,
        "type": "Geometry",
        "uvs": 1,
        "generator": "io_three"
    },
    "name": "CubeGeometry.1",
    "faces": [43,32,33,2,3,0,0,1,2,3,0,1,2,3,43,34,7,6,35,0,4,5,6,7,4,5,6,7,43,0,4,5,1,0,8,9,10,11,8,9,10,11,43,35,6,11,37,0,7,6,12,13,7,6,12,13,43,2,6,7,3,0,14,15,5,3,2,6,5,3,43,34,32,3,7,0,4,0,3,5,4,0,3,5,43,37,11,15,39,0,16,17,18,19,13,12,11,2,43,6,2,9,11,0,15,14,20,21,6,2,14,12,43,1,5,10,8,0,11,10,22,23,11,10,13,15,43,41,1,8,44,0,24,25,26,27,1,11,15,14,43,38,39,15,13,0,28,19,18,29,6,2,11,10,43,8,10,14,12,0,30,31,32,33,15,13,2,6,43,11,9,13,15,0,34,35,29,18,12,14,10,11,43,44,8,12,46,0,36,37,33,38,14,15,6,10,43,17,19,18,16,0,39,40,41,42,6,5,3,2,43,19,23,22,18,0,40,43,44,41,5,9,8,3,43,23,21,20,22,0,43,45,46,44,9,10,11,8,43,21,17,16,20,0,47,48,49,50,10,6,2,11,43,16,18,22,20,0,51,41,44,52,2,3,8,11,43,21,23,19,17,0,53,43,40,54,10,9,5,6,43,25,27,26,24,0,55,56,57,58,6,5,3,2,43,27,31,30,26,0,56,59,60,57,5,9,8,3,43,31,29,28,30,0,59,61,62,60,9,10,11,8,43,29,25,24,28,0,63,64,65,66,10,6,2,11,43,24,26,30,28,0,67,57,60,68,2,3,8,11,43,29,31,27,25,0,69,59,56,70,10,9,5,6,43,9,36,38,13,0,71,72,28,29,14,15,6,10,43,36,44,45,37,0,73,74,75,76,15,14,12,13,43,2,33,36,9,0,2,1,77,78,2,1,15,14,43,36,37,39,38,0,79,80,19,28,15,13,2,6,43,42,40,32,34,0,81,82,0,4,4,0,0,4,43,43,35,37,45,0,83,7,13,84,7,7,13,12,43,42,34,35,43,0,81,4,7,83,4,4,7,7,43,40,41,33,32,0,82,24,1,0,0,1,1,0,43,0,1,41,40,0,8,25,24,82,8,11,1,0,43,4,42,43,5,0,9,81,83,85,9,4,7,10,43,5,43,45,10,0,85,83,84,86,10,7,12,13,43,4,0,40,42,0,9,8,82,81,9,8,0,4,43,10,45,47,14,0,87,88,89,32,13,12,11,2,43,12,14,47,46,0,33,32,89,38,6,2,11,10,43,44,46,47,45,0,90,38,89,91,14,10,11,12,43,33,41,44,36,0,1,24,27,77,1,1,14,15]
}