{
    "materials": [{
        "colorAmbient": [0.64,0.64,0.64],
        "DbgIndex": 0,
        "transparent": false,
        "mapDiffuseRepeat": [1,1],
        "shading": "lambert",
        "mapDiffuseAnisotropy": 1,
        "colorEmissive": [0,0,0],
        "DbgColor": 15658734,
        "wireframe": false,
        "colorSpecular": [0.5,0.5,0.5],
        "mapDiffuseWrap": ["RepeatWrapping","RepeatWrapping"],
        "specularCoef": 50,
        "mapDiffuse": "wood-2.jpg",
        "depthWrite": true,
        "DbgName": "BoxMat",
        "visible": true,
        "blending": "NormalBlending",
        "depthTest": true,
        "opacity": 1,
        "colorDiffuse": [0.64,0.64,0.64]
    }],
    "name": "CubeGeometry",
    "uvs": [[0.209423,0.522443,0.209389,0.678647,0.103394,0.678588,0.103428,0.522385,0.209499,0.165408,0.103505,0.165349,0.103538,0.00914657,0.209533,0.00920507,0.326575,0.522508,0.326652,0.165472,0.424279,0.165526,0.424202,0.522562,0.109119,0.000223765,0.209535,0.00027918,0.00580058,0.522331,0.00587763,0.165295,0.907728,0.633962,0.807312,0.633962,0.807312,0.486685,0.907728,0.486685,0.000223765,0.513402,0.00029673,0.174219,0.429855,0.174455,0.429782,0.513638,0.220546,0.678653,0.326541,0.678711,0.32096,0.687634,0.220545,0.687579,0.907728,0.147501,0.807312,0.147501,0.714816,0.147501,0.714816,0.486685,0.622768,0.486685,0.622768,0.147501,0.715263,0.486685,0.715263,0.147501,0.522351,0.000223765,0.622768,0.000223803,0.522351,0.147501,0.542904,0.983941,0.53914,0.983913,0.539139,0.638834,0.542904,0.638862,0.434067,0.983913,0.434067,0.638834,0.430303,0.983885,0.430303,0.638806,0.927701,0.982519,0.821706,0.982519,0.821706,0.634409,0.927701,0.634409,0.539139,0.634409,0.434067,0.634409,0.434067,0.988337,0.53914,0.988337,0.655953,0.983941,0.652188,0.983913,0.652188,0.638834,0.655952,0.638862,0.547116,0.983913,0.547116,0.638834,0.543352,0.983885,0.543352,0.638806,0.821258,0.982519,0.715263,0.982519,0.715263,0.634409,0.821258,0.634409,0.652188,0.634409,0.547116,0.634409,0.547116,0.988337,0.652188,0.988337,0.807312,0.000223803,0.907728,0.000223765,0.703659,0.634409,0.714816,0.634409,0.714816,0.973593,0.703659,0.973593,0.209387,0.687572,0.108971,0.687517,0.999776,0.147501,0.999776,0.486684,0.220657,0.165414,0.22058,0.522449,0.22069,0.00921122,0.220692,0.000285327,0.326685,0.00926963,0.321108,0.000340661,0.622768,0.633962,0.522351,0.633962,0.522351,0.486685,0.430303,0.147501,0.430303,0.486685]],
    "normals": [0,-0.707083,-0.707083,0,-0.707083,0.707083,-0.577349,-0.577349,0.577349,-0.577349,-0.577349,-0.577349,0,0.707083,-0.707083,-0.577349,0.577349,-0.577349,-0.577349,0.577349,0.577349,0,0.707083,0.707083,0.577349,-0.577349,-0.577349,0.577349,0.577349,-0.577349,0.577349,0.577349,0.577349,0.577349,-0.577349,0.577349,0.301492,-0.301492,0.904508,-0.301492,-0.301492,0.904508,0.301492,0.301492,0.904508,-0.301492,0.301492,0.904508],
    "metadata": {
        "materials": 1,
        "uvs": 1,
        "normals": 16,
        "faces": 42,
        "version": 3,
        "generator": "io_three",
        "type": "Geometry",
        "vertices": 48
    },
    "vertices": [4,-8.74228e-08,-2,4,6.55671e-08,1.5,-4,6.55671e-08,1.5,-4,-8.74228e-08,-2,4,8,-2,4,8,1.5,-4,8,1.5,-4,8,-2,3.8,0.2,1.5,-3.8,0.2,1.5,3.8,7.8,1.5,-3.8,7.8,1.5,3.8,0.2,-1.8,-3.8,0.2,-1.8,3.8,7.8,-1.8,-3.8,7.8,-1.8,-3.9,0.1,1.6,-3.9,7.9,1.6,-3.9,0.1,1.5,-3.9,7.9,1.5,-0.1,0.1,1.6,-0.1,7.9,1.6,-0.1,0.1,1.5,-0.1,7.9,1.5,0.1,0.1,1.6,0.1,7.9,1.6,0.1,0.1,1.5,0.1,7.9,1.5,3.9,0.1,1.6,3.9,7.9,1.6,3.9,0.1,1.5,3.9,7.9,1.5,-0.2,-8.74228e-08,-2,-0.2,6.55671e-08,1.5,-0.199999,8,-2,-0.200001,8,1.5,-0.2,0.2,1.5,-0.200001,7.8,1.5,-0.199999,0.2,-1.8,-0.2,7.8,-1.8,0.2,-8.74228e-08,-2,0.2,6.55671e-08,1.5,0.200001,8,-2,0.199999,8,1.5,0.2,0.2,1.5,0.199999,7.8,1.5,0.200001,0.2,-1.8,0.2,7.8,-1.8],
    "faces": [43,32,33,2,3,0,0,1,2,3,0,1,2,3,43,34,7,6,35,0,4,5,6,7,4,5,6,7,43,0,4,5,1,0,8,9,10,11,8,9,10,11,43,35,6,11,37,0,7,6,12,13,7,6,12,13,43,2,6,7,3,0,14,15,5,3,2,6,5,3,43,34,32,3,7,0,4,0,3,5,4,0,3,5,43,37,11,15,39,0,16,17,18,19,13,12,11,2,43,6,2,9,11,0,15,14,20,21,6,2,14,12,43,1,5,10,8,0,11,10,22,23,11,10,13,15,43,41,1,8,44,0,24,25,26,27,1,11,15,14,43,38,39,15,13,0,28,19,18,29,6,2,11,10,43,8,10,14,12,0,30,31,32,33,15,13,2,6,43,11,9,13,15,0,34,35,29,18,12,14,10,11,43,44,8,12,46,0,36,37,33,38,14,15,6,10,43,17,19,18,16,0,39,40,41,42,6,5,3,2,43,19,23,22,18,0,40,43,44,41,5,9,8,3,43,23,21,20,22,0,43,45,46,44,9,10,11,8,43,21,17,16,20,0,47,48,49,50,10,6,2,11,43,16,18,22,20,0,51,41,44,52,2,3,8,11,43,21,23,19,17,0,53,43,40,54,10,9,5,6,43,25,27,26,24,0,55,56,57,58,6,5,3,2,43,27,31,30,26,0,56,59,60,57,5,9,8,3,43,31,29,28,30,0,59,61,62,60,9,10,11,8,43,29,25,24,28,0,63,64,65,66,10,6,2,11,43,24,26,30,28,0,67,57,60,68,2,3,8,11,43,29,31,27,25,0,69,59,56,70,10,9,5,6,43,9,36,38,13,0,71,72,28,29,14,15,6,10,43,36,44,45,37,0,73,74,75,76,15,14,12,13,43,2,33,36,9,0,2,1,77,78,2,1,15,14,43,36,37,39,38,0,79,80,19,28,15,13,2,6,43,42,40,32,34,0,81,82,0,4,4,0,0,4,43,43,35,37,45,0,83,7,13,84,7,7,13,12,43,42,34,35,43,0,81,4,7,83,4,4,7,7,43,40,41,33,32,0,82,24,1,0,0,1,1,0,43,0,1,41,40,0,8,25,24,82,8,11,1,0,43,4,42,43,5,0,9,81,83,85,9,4,7,10,43,5,43,45,10,0,85,83,84,86,10,7,12,13,43,4,0,40,42,0,9,8,82,81,9,8,0,4,43,10,45,47,14,0,87,88,89,32,13,12,11,2,43,12,14,47,46,0,33,32,89,38,6,2,11,10,43,44,46,47,45,0,90,38,89,91,14,10,11,12,43,33,41,44,36,0,1,24,27,77,1,1,14,15]
}