{
    "materials": [{
        "mapDiffuse": "wood-2.jpg",
        "mapDiffuseRepeat": [1,1],
        "specularCoef": 50,
        "visible": true,
        "depthTest": true,
        "colorEmissive": [0,0,0],
        "colorAmbient": [0.64,0.64,0.64],
        "colorSpecular": [0.5,0.5,0.5],
        "DbgIndex": 0,
        "transparent": false,
        "DbgColor": 15658734,
        "depthWrite": true,
        "wireframe": false,
        "colorDiffuse": [0.64,0.64,0.64],
        "DbgName": "BoxMat",
        "opacity": 1,
        "mapDiffuseAnisotropy": 1,
        "blending": "NormalBlending",
        "mapDiffuseWrap": ["RepeatWrapping","RepeatWrapping"],
        "shading": "lambert"
    }],
    "normals": [0.577349,-0.577349,-0.577349,0.577349,-0.577349,0.577349,-0.577349,-0.577349,0.577349,-0.577349,-0.577349,-0.577349,0.577349,0.577349,-0.577349,-0.577349,0.577349,-0.577349,-0.577349,0.577349,0.577349,0.577349,0.577349,0.577349,0.301492,-0.301492,0.904508,-0.301492,-0.301492,0.904508,0.301492,0.301492,0.904508,-0.301492,0.301492,0.904508],
    "vertices": [2,-8.74228e-08,-2,2,6.55671e-08,1.5,-2,6.55671e-08,1.5,-2,-8.74228e-08,-2,2,4,-2,2,4,1.5,-2,4,1.5,-2,4,-2,1.8,0.2,1.5,-1.8,0.2,1.5,1.8,3.8,1.5,-1.8,3.8,1.5,1.8,0.2,-1.8,-1.8,0.2,-1.8,1.8,3.8,-1.8,-1.8,3.8,-1.8,-1.9,0.1,1.6,-1.9,3.9,1.6,-1.9,0.1,1.5,-1.9,3.9,1.5,1.9,0.1,1.6,1.9,3.9,1.6,1.9,0.1,1.5,1.9,3.9,1.5],
    "uvs": [[0.287661,0.498519,0.287661,0.701901,0.142388,0.701901,0.142388,0.49852,0.287661,0.266083,0.142388,0.266084,0.142388,0.0627021,0.28766,0.0627019,0.414774,0.266083,0.414774,0.498519,0.149652,0.0510802,0.280397,0.0510801,0.0152747,0.49852,0.0152746,0.266084,0.439477,0.471446,0.439477,0.262254,0.559327,0.262254,0.559327,0.471446,0.008011,0.486898,0.00801097,0.277706,0.422038,0.277705,0.422038,0.486897,0.280397,0.713523,0.149652,0.713523,0.690072,0.471446,0.690072,0.262254,0.690072,0.663206,0.559327,0.663206,0.559327,0.0704941,0.690072,0.0704941,0.809922,0.262254,0.809922,0.471446,0.00904961,0.742453,0.0126815,0.742453,0.0126814,0.963268,0.00904961,0.963268,0.15069,0.742454,0.15069,0.963268,0.154322,0.742454,0.154322,0.963268,0.292597,0.957457,0.154588,0.957457,0.154588,0.736643,0.292597,0.736643,0.0126814,0.969079,0.15069,0.969079,0.15069,0.736643,0.0126815,0.736643]],
    "metadata": {
        "vertices": 24,
        "normals": 12,
        "faces": 20,
        "materials": 1,
        "version": 3,
        "type": "Geometry",
        "uvs": 1,
        "generator": "io_three"
    },
    "name": "CubeGeometry",
    "faces": [43,0,1,2,3,0,0,1,2,3,0,1,2,3,43,4,7,6,5,0,4,5,6,7,4,5,6,7,43,0,4,5,1,0,0,4,8,9,0,4,7,1,43,5,6,11,10,0,7,6,10,11,7,6,8,9,43,2,6,7,3,0,12,13,5,3,2,6,5,3,43,4,0,3,7,0,4,0,3,5,4,0,3,5,43,10,11,15,14,0,14,15,16,17,9,8,1,2,43,6,2,9,11,0,13,12,18,19,6,2,10,8,43,1,5,10,8,0,9,8,20,21,1,7,9,11,43,2,1,8,9,0,2,1,22,23,2,1,11,10,43,12,14,15,13,0,24,17,16,25,6,2,1,7,43,8,10,14,12,0,26,27,17,24,11,9,2,6,43,11,9,13,15,0,28,29,25,16,8,10,7,1,43,9,8,12,13,0,30,31,24,25,10,11,6,7,43,17,19,18,16,0,32,33,34,35,6,5,3,2,43,19,23,22,18,0,33,36,37,34,5,4,0,3,43,23,21,20,22,0,36,38,39,37,4,7,1,0,43,21,17,16,20,0,40,41,42,43,7,6,2,1,43,16,18,22,20,0,44,34,37,45,2,3,0,1,43,21,23,19,17,0,46,36,33,47,7,4,5,6]
}