{
    "materials": [{
        "mapDiffuse": "wood-2.jpg",
        "mapDiffuseRepeat": [2,2],
        "specularCoef": 50,
        "visible": true,
        "depthTest": true,
        "colorEmissive": [0,0,0],
        "colorAmbient": [0.8,0.8,0.8],
        "colorSpecular": [0.0798681,0.0798681,0.0798681],
        "DbgIndex": 0,
        "transparent": false,
        "DbgColor": 15658734,
        "depthWrite": true,
        "wireframe": false,
        "colorDiffuse": [0.8,0.8,0.8],
        "DbgName": "TableWoodMat",
        "opacity": 1,
        "mapDiffuseAnisotropy": 1,
        "blending": "NormalBlending",
        "mapDiffuseWrap": ["RepeatWrapping","RepeatWrapping"],
        "shading": "lambert"
    }],
    "normals": [-0.577349,0.577349,0.577319,0,0.707083,0.707083,0,1,0,-0.707083,0.707083,0,0.707083,-0.707083,0,0.707083,0.707083,0,0.577349,0.577349,0.577319,0.577319,-0.577319,0.577349,0,0.707083,-0.707083,0.577349,0.577349,-0.577319,0.577349,-0.577319,-0.577349,0,-0.707083,-0.707083,-0.707083,-0.707083,0,-0.577319,-0.577349,0.577349,-0.577349,-0.577319,-0.577349,-0.301492,-0.904508,-0.301492,0.301492,-0.904508,-0.301492,0.301492,-0.904508,0.301492,0,-0.707083,0.707083,-0.577349,0.577349,-0.577349,-0.301492,-0.904508,0.301492,-0.707083,0,0.707083,0.301523,-0.301675,0.904447,-0.904508,-0.301492,-0.301492,-0.904508,-0.301492,0.301492,0.301462,-0.904569,0.30137,0.301462,-0.904569,-0.30134,-0.301492,-0.301492,0.904508,-0.577349,-0.577349,-0.577349,0.577349,-0.577349,-0.577349,0.577349,-0.577349,0.577349,-0.577349,-0.577349,0.577349,0.577166,-0.577471,-0.577349,0.577166,-0.577471,0.57738,0.577166,-0.577471,0.577349,0.904508,-0.301492,0.301492,0.707083,0,-0.707083,0.904508,-0.301492,-0.301492,0.707083,0,0.707083,-0.707083,0,-0.707083,-0.301492,-0.301492,-0.904508,0.301523,-0.301675,-0.904447,0.301492,-0.301492,-0.904508,0.301492,-0.301492,0.904508],
    "vertices": [-6,3.8,-3.99999,6,3.8,-3.99999,6,3.8,4,-6,3.8,4,-6,4,-3.99999,6,4,-3.99999,6,4,4,-6,4,4,-5.8,3.8,-3.79999,5.8,3.8,-3.79999,5.8,3.8,3.8,-5.8,3.8,3.8,-5.39797,3.7,-3.39999,-5.39797,3.8,3.8,-5.39797,3.7,-3.79999,-5.40203,4,4,-5.40203,4,-3.99999,-5.40203,3.8,-3.99999,-5.40203,3.8,4,-6,3.8,3.4,6,3.8,3.4,-6,4,3.4,6,4,3.4,-5.8,3.8,3.4,5.8,3.8,3.4,-5.40203,4,-3.39999,-5.40203,4,3.4,-6,3.8,-3.39999,6,3.8,-3.39999,-6,4,-3.39999,6,4,-3.39999,-5.8,3.8,-3.39999,5.8,3.8,-3.39999,-5.8,1.48619e-07,3.4,-5.4,1.48619e-07,3.4,-5.4,1.66103e-07,3.8,-5.8,1.66103e-07,3.8,5.4,-3.28218e-07,3.4,5.8,1.48619e-07,3.4,5.8,1.66103e-07,3.8,5.4,1.66103e-07,3.8,5.4,-1.66103e-07,-3.79999,5.8,-1.66103e-07,-3.79999,5.8,-1.48618e-07,-3.39999,5.4,-1.48618e-07,-3.39999,-5.8,-1.66103e-07,-3.79999,-5.4,-1.66103e-07,-3.79999,-5.4,-1.48618e-07,-3.39999,-5.8,-1.48618e-07,-3.39999,-5.8,3.7,-3.79999,5.8,3.7,-3.79999,5.8,3.7,3.8,-5.8,3.7,3.8,-5.39796,3.8,-3.79999,-5.39797,3.7,3.4,-5.39797,3.7,3.8,5.8,3.7,3.4,-5.8,3.7,3.4,5.8,3.7,-3.39999,-5.8,3.7,-3.39999,5.4,3.8,3.8,5.4,4,4,5.4,3.8,4,5.4,3.7,-3.39999,5.4,3.7,-3.79999,5.4,3.7,3.4,5.4,3.8,-3.79999,5.4,4,3.4,5.4,4,-3.39999,5.4,3.8,-3.99999,5.4,4,-3.99999,5.4,3.7,3.8,0.200768,3.8,3.8,0.19923,4,4,0.199231,3.8,4,0.200768,3.7,-3.39999,0.200768,3.7,-3.79999,0.200768,3.7,3.4,0.200768,3.8,-3.79999,0.199232,4,3.4,0.199233,4,-3.39999,0.199232,3.8,-3.99999,0.199232,4,-3.99999,0.200767,3.7,3.8,-0.198678,3.8,3.8,-0.201324,4,4,-0.201322,3.8,4,-0.198678,3.7,-3.39999,-0.198678,3.7,-3.79999,-0.198678,3.7,3.4,-0.198677,3.8,-3.79999,-0.201322,4,3.4,-0.201321,4,-3.39999,-0.201322,3.8,-3.99999,-0.201321,4,-3.99999,-0.198679,3.7,3.8,0.200768,-1.66103e-07,-3.79999,0.200768,-1.48618e-07,-3.39999,-0.198678,-1.48618e-07,-3.39999,-0.198678,-1.66103e-07,-3.79999,-0.198678,1.48619e-07,3.4,0.200768,1.48619e-07,3.4,-0.198679,1.66103e-07,3.8,0.200767,1.66103e-07,3.8],
    "uvs": [[0.0244168,-0.0661646,0.059251,-0.0661643,0.0592511,-0.031212,0.0244169,-0.0312121,0.0592498,0.364915,0.0244156,0.364915,0.518396,0.921009,0.518476,0.932629,0.482909,0.933227,0.4827,0.921392,0.688511,0.843652,0.723464,0.843652,0.723464,0.855303,0.688511,0.855303,0.060215,0.903454,0.060157,0.915079,0.0244154,0.914818,0.0245862,0.902964,0.446441,0.915258,0.482175,0.914819,0.470597,0.92688,0.44636,0.926934,0.711813,0.866954,0.688511,0.866954,0.494272,0.909366,0.518486,0.909335,0.0592484,0.890787,0.0592484,0.902437,0.0244154,0.902438,0.0244156,0.890787,0.688514,0.364916,0.723467,0.364916,0.723467,0.399869,0.688514,0.399869,0.688514,-0.0312114,0.723467,-0.0312115,0.0592497,0.399868,0.0244154,0.399868,0.0244154,0.855307,0.0592501,0.855307,0.0594871,0.866957,0.0360664,0.866958,0.0594852,0.879137,0.0360658,0.879137,0.0360658,0.873312,0.0594851,0.873311,0.904704,0.921119,0.904591,0.909448,0.0602675,0.92675,0.0360442,0.926825,0.446381,0.903648,0.904648,0.932744,0.0244154,0.819824,0.0244157,0.423697,0.047836,0.423697,0.047836,0.819824,0.362356,0.879135,0.362356,0.873309,0.940446,0.921372,0.940277,0.933227,0.481947,0.902964,0.928815,0.909367,0.688514,-0.0661637,0.723467,-0.0661637,0.724518,0.616473,0.74782,0.616473,0.74782,0.639775,0.724518,0.639775,0.723992,0.640301,0.723992,0.663602,0.700691,0.663602,0.70069,0.640301,0.747294,0.365978,0.747294,0.389279,0.723992,0.389279,0.723992,0.365978,0.723992,0.616473,0.723992,0.639775,0.700691,0.639775,0.70069,0.616473,0.794015,0.400394,0.794134,0.615935,0.770833,0.615947,0.770714,0.400407,0.724111,0.615947,0.70069,0.615947,0.700809,0.400407,0.724111,0.400407,0.747412,0.400407,0.747412,0.615947,0.446345,0.93331,0.0602714,0.933112,0.904586,0.903085,0.928875,0.903279,0.0359828,0.932913,0.518504,0.902964,0.676862,0.819823,0.676862,0.423696,0.700163,0.423696,0.700165,0.819823,0.350716,0.843126,0.047836,0.843126,0.350716,0.819824,0.494191,0.903288,0.470684,0.932965,0.711813,0.872779,0.688511,0.872779,0.362202,0.890786,0.0244154,0.843656,0.0592501,0.843656,0.0594871,0.872783,0.0360664,0.872783,0.362202,0.902436,0.723461,0.890786,0.723461,0.902438,0.688507,0.902437,0.688507,0.890786,0.688507,0.879135,0.71181,0.879135,0.385633,0.866954,0.385633,0.872779,0.373986,0.819824,0.373985,0.423697,0.385547,-0.0661634,0.385547,-0.0312112,0.688507,0.873309,0.71181,0.873309,0.385548,0.364915,0.385547,0.399868,0.385544,0.855303,0.373985,0.400395,0.676862,0.400394,0.385543,0.843653,0.770688,-0.0661575,0.770714,0.149383,0.747294,0.149386,0.747386,-0.0661546,0.793989,-0.0661604,0.794016,0.14938,0.817291,-0.0661632,0.817436,0.149377,0.723992,0.149376,0.724084,-0.0661646,0.864565,0.400394,0.864565,0.615935,0.841263,0.615935,0.841263,0.400394,0.887867,0.615935,0.887867,0.400394,0.817962,0.615935,0.817962,0.400394,0.79466,0.400394,0.79466,0.615935,0.770596,0.149912,0.770596,0.365452,0.747294,0.365452,0.747294,0.149912,0.793897,0.149912,0.793898,0.365452,0.817199,0.149912,0.817199,0.365452,0.723992,0.149912,0.723992,0.365452,0.36221,0.843653,0.36221,0.855304,0.910867,0.365452,0.887565,0.365452,0.887565,0.149912,0.910867,0.149912,0.362364,0.866954,0.362213,0.364915,0.362213,0.399868,0.362214,-0.0312112,0.362214,-0.0661635,0.350716,0.423697,0.362364,0.87278,0.385536,0.902436,0.385537,0.890786,0.385626,0.879134,0.676862,0.843125,0.373986,0.843126,0.385626,0.873309,0.047836,0.400395,0.350716,0.400395,0.864533,0.149376,0.841263,0.149376,0.841263,-0.0661646,0.864533,-0.0661646,0.771122,0.365978,0.771122,0.389247,0.74782,0.389247,0.74782,0.365978,0.840994,0.365452,0.817725,0.365452,0.817725,0.149912,0.840995,0.149912,0.864296,0.365452,0.864296,0.149912,0.724518,0.66357,0.724518,0.640301,0.74782,0.640301,0.74782,0.66357,0.887834,0.149376,0.887834,-0.0661646,0.911104,0.149376,0.911104,-0.0661646,0.817962,0.149376,0.817962,-0.0661646]],
    "metadata": {
        "vertices": 104,
        "normals": 44,
        "faces": 102,
        "materials": 1,
        "version": 3,
        "type": "Geometry",
        "uvs": 1,
        "generator": "io_three"
    },
    "name": "CubeGeometry.4",