{
    "materials": [{
        "mapDiffuse": "wood-2.jpg",
        "mapDiffuseRepeat": [2,2],
        "specularCoef": 50,
        "visible": true,
        "depthTest": true,
        "colorEmissive": [0,0,0],
        "colorAmbient": [0.8,0.8,0.8],
        "colorSpecular": [0.0798681,0.0798681,0.0798681],
        "DbgIndex": 0,
        "transparent": false,
        "DbgColor": 15658734,
        "depthWrite": true,
        "wireframe": false,
        "colorDiffuse": [0.8,0.8,0.8],
        "DbgName": "TableWoodMat",
        "opacity": 1,
        "mapDiffuseAnisotropy": 1,
        "blending": "NormalBlending",
        "mapDiffuseWrap": ["RepeatWrapping","RepeatWrapping"],
        "shading": "lambert"
    }],
    "normals": [-0.577349,0.577349,0.577319,0,0.707083,0.707083,0,1,0,-0.707083,0.707083,0,0.707083,-0.707083,0,0.707083,0.707083,0,0.577349,0.577349,0.577319,0.577319,-0.577319,0.577349,0,0.707083,-0.707083,0.577349,0.577349,-0.577319,0.577349,-0.577319,-0.577349,0,-0.707083,-0.707083,-0.707083,-0.707083,0,-0.577319,-0.577349,0.577349,-0.577349,-0.577319,-0.577349,-0.301492,-0.904508,-0.301492,0.301492,-0.904508,-0.301492,0.301492,-0.904508,0.301492,0,-0.707083,0.707083,-0.577349,0.577349,-0.577349,-0.301492,-0.904508,0.301492,-0.707083,0,0.707083,0.301523,-0.301675,0.904447,-0.904508,-0.301492,-0.301492,-0.904508,-0.301492,0.301492,0.301462,-0.904569,0.30137,0.301462,-0.904569,-0.30134,-0.301492,-0.301492,0.904508,-0.577349,-0.577349,-0.577349,0.577349,-0.577349,-0.577349,0.577349,-0.577349,0.577349,-0.577349,-0.577349,0.577349,0.577166,-0.577471,-0.577349,0.577166,-0.577471,0.57738,0.577166,-0.577471,0.577349,0.904508,-0.301492,0.301492,0.707083,0,-0.707083,0.904508,-0.301492,-0.301492,0.707083,0,0.707083,-0.707083,0,-0.707083,-0.301492,-0.301492,-0.904508,0.301523,-0.301675,-0.904447,0.301492,-0.301492,-0.904508,0.301492,-0.301492,0.904508],
    "vertices": [-6,3.8,-3.99999,6,3.8,-3.99999,6,3.8,4,-6,3.8,4,-6,4,-3.99999,6,4,-3.99999,6,4,4,-6,4,4,-5.8,3.8,-3.79999,5.8,3.8,-3.79999,5.8,3.8,3.8,-5.8,3.8,3.8,-5.39797,3.7,-3.39999,-5.39797,3.8,3.8,-5.39797,3.7,-3.79999,-5.40203,4,4,-5.40203,4,-3.99999,-5.40203,3.8,-3.99999,-5.40203,3.8,4,-6,3.8,3.4,6,3.8,3.4,-6,4,3.4,6,4,3.4,-5.8,3.8,3.4,5.8,3.8,3.4,-5.40203,4,-3.39999,-5.40203,4,3.4,-6,3.8,-3.39999,6,3.8,-3.39999,-6,4,-3.39999,6,4,-3.39999,-5.8,3.8,-3.39999,5.8,3.8,-3.39999,-5.8,1.48619e-07,3.4,-5.4,1.48619e-07,3.4,-5.4,1.66103e-07,3.8,-5.8,1.66103e-07,3.8,5.4,-3.28218e-07,3.4,5.8,1.48619e-07,3.4,5.8,1.66103e-07,3.8,5.4,1.66103e-07,3.8,5.4,-1.66103e-07,-3.79999,5.8,-1.66103e-07,-3.79999,5.8,-1.48618e-07,-3.39999,5.4,-1.48618e-07,-3.39999,-5.8,-1.66103e-07,-3.79999,-5.4,-1.66103e-07,-3.79999,-5.4,-1.48618e-07,-3.39999,-5.8,-1.48618e-07,-3.39999,-5.8,3.7,-3.79999,5.8,3.7,-3.79999,5.8,3.7,3.8,-5.8,3.7,3.8,-5.39796,3.8,-3.79999,-5.39797,3.7,3.4,-5.39797,3.7,3.8,5.8,3.7,3.4,-5.8,3.7,3.4,5.8,3.7,-3.39999,-5.8,3.7,-3.39999,5.4,3.8,3.8,5.4,4,4,5.4,3.8,4,5.4,3.7,-3.39999,5.4,3.7,-3.79999,5.4,3.7,3.4,5.4,3.8,-3.79999,5.4,4,3.4,5.4,4,-3.39999,5.4,3.8,-3.99999,5.4,4,-3.99999,5.4,3.7,3.8,0.200768,3.8,3.8,0.19923,4,4,0.199231,3.8,4,0.200768,3.7,-3.39999,0.200768,3.7,-3.79999,0.200768,3.7,3.4,0.200768,3.8,-3.79999,0.199232,4,3.4,0.199233,4,-3.39999,0.199232,3.8,-3.99999,0.199232,4,-3.99999,0.200767,3.7,3.8,-0.198678,3.8,3.8,-0.201324,4,4,-0.201322,3.8,4,-0.198678,3.7,-3.39999,-0.198678,3.7,-3.79999,-0.198678,3.7,3.4,-0.198677,3.8,-3.79999,-0.201322,4,3.4,-0.201321,4,-3.39999,-0.201322,3.8,-3.99999,-0.201321,4,-3.99999,-0.198679,3.7,3.8,0.200768,-1.66103e-07,-3.79999,0.200768,-1.48618e-07,-3.39999,-0.198678,-1.48618e-07,-3.39999,-0.198678,-1.66103e-07,-3.79999,-0.198678,1.48619e-07,3.4,0.200768,1.48619e-07,3.4,-0.198679,1.66103e-07,3.8,0.200767,1.66103e-07,3.8],
    "uvs": [[0.00558387,-1.00614,0.0752523,-1.00614,0.0752524,-0.936236,0.0055841,-0.936236,0.0752499,-0.143982,0.00558127,-0.143982,0.993542,0.968206,0.993703,0.991447,0.922568,0.992642,0.922151,0.968972,1.33377,0.813492,1.40368,0.813492,1.40368,0.836793,1.33377,0.836794,0.0771804,0.933096,0.0770643,0.956346,0.00558104,0.955825,0.00592273,0.932116,0.849632,0.956704,0.9211,0.955825,0.897945,0.979948,0.849469,0.980057,1.38038,0.860095,1.33377,0.860096,0.945294,0.944921,0.993722,0.944858,0.0752471,0.907762,0.075247,0.931063,0.00558104,0.931063,0.00558127,0.907763,1.33378,-0.14398,1.40368,-0.14398,1.40368,-0.0740747,1.33378,-0.0740747,1.33378,-0.936235,1.40368,-0.936235,0.0752497,-0.0740764,0.00558104,-0.0740764,0.00558104,0.836801,0.0752505,0.836801,0.0757245,0.860103,0.028883,0.860103,0.0757206,0.884461,0.0288818,0.884462,0.0288818,0.872811,0.0757204,0.872811,1.76616,0.968426,1.76593,0.945084,0.0772853,0.979687,0.0288386,0.979839,0.849513,0.933483,1.76605,0.991677,0.00558104,0.765836,0.00558179,-0.0264182,0.0524222,-0.0264182,0.0524224,0.765837,0.681463,0.884458,0.681463,0.872806,1.83764,0.968933,1.83731,0.992642,0.920644,0.932115,1.81438,0.944923,1.33378,-1.00614,1.40368,-1.00614,1.40579,0.359135,1.45239,0.359135,1.45239,0.405738,1.40579,0.405738,1.40473,0.40679,1.40473,0.453393,1.35813,0.453393,1.35813,0.40679,1.45134,-0.141857,1.45134,-0.0952533,1.40474,-0.0952533,1.40474,-0.141856,1.40473,0.359135,1.40473,0.405738,1.35813,0.405738,1.35813,0.359135,1.54478,-0.073023,1.54502,0.358057,1.49842,0.358083,1.49818,-0.0729974,1.40497,0.358083,1.35813,0.358083,1.35837,-0.0729974,1.40497,-0.0729974,1.45157,-0.0729974,1.45157,0.358083,0.849439,0.992807,0.077293,0.992412,1.76592,0.932359,1.8145,0.932746,0.0287158,0.992015,0.993757,0.932115,1.31047,0.765835,1.31047,-0.0264199,1.35708,-0.0264201,1.35708,0.765835,0.658182,0.81244,0.0524223,0.81244,0.658182,0.765836,0.945132,0.932765,0.898118,0.992118,1.38038,0.871746,1.33377,0.871746,0.681155,0.907759,0.00558112,0.813499,0.0752505,0.8135,0.0757245,0.871754,0.028883,0.871754,0.681155,0.931061,1.40367,0.907761,1.40367,0.931063,1.33376,0.931063,1.33376,0.90776,1.33376,0.884458,1.38037,0.884458,0.728016,0.860097,0.728016,0.871747,0.704722,0.765836,0.70472,-0.0264185,0.727845,-1.00614,0.727845,-0.936234,1.33376,0.872806,1.38037,0.872807,0.727845,-0.143981,0.727845,-0.0740756,0.727837,0.836795,0.70472,-0.0730217,1.31047,-0.073023,0.727837,0.813493,1.49813,-1.00613,1.49818,-0.575046,1.45134,-0.57504,1.45152,-1.00612,1.54473,-1.00613,1.54478,-0.575052,1.59133,-1.00614,1.59162,-0.575058,1.40474,-0.57506,1.40492,-1.00614,1.68588,-0.0730229,1.68588,0.358057,1.63928,0.358057,1.63928,-0.073023,1.73248,0.358057,1.73248,-0.073023,1.59267,0.358057,1.59267,-0.073023,1.54607,-0.073023,1.54607,0.358057,1.49794,-0.573989,1.49794,-0.142908,1.45134,-0.142908,1.45134,-0.573988,1.54455,-0.573989,1.54455,-0.142908,1.59115,-0.573989,1.59115,-0.142908,1.40474,-0.573988,1.40474,-0.142908,0.68117,0.813494,0.68117,0.836795,1.77848,-0.142908,1.73188,-0.142908,1.73188,-0.573989,1.77848,-0.573989,0.681478,0.860097,0.681176,-0.143981,0.681176,-0.0740757,0.681177,-0.936234,0.681177,-1.00614,0.658182,-0.0264185,0.681478,0.871747,0.727823,0.931061,0.727823,0.907759,0.728002,0.884457,1.31048,0.812438,0.704722,0.81244,0.728002,0.872806,0.0524222,-0.0730219,0.658182,-0.0730217,1.68582,-0.57506,1.63928,-0.57506,1.63928,-1.00614,1.68582,-1.00614,1.49899,-0.141857,1.49899,-0.0953178,1.45239,-0.0953178,1.45239,-0.141857,1.63874,-0.142908,1.5922,-0.142908,1.5922,-0.573989,1.63874,-0.573989,1.68534,-0.142908,1.68534,-0.573989,1.40579,0.453328,1.40579,0.40679,1.45239,0.40679,1.45239,0.453328,1.73242,-0.57506,1.73242,-1.00614,1.77896,-0.57506,1.77896,-1.00614,1.59267,-0.57506,1.59267,-1.00614]],
    "metadata": {
        "vertices": 104,
        "normals": 44,
        "faces": 102,
        "materials": 1,
        "version": 3,
        "type": "Geometry",
        "uvs": 1,
        "generator": "io_three"
    },
    "name": "CubeGeometry.3",