{
    "materials": [{
        "mapDiffuse": "cabinet_wood_2_1.tex.png",
        "depthWrite": true,
        "depthTest": true,
        "colorEmissive": [0,0,0],
        "DbgIndex": 0,
        "blending": "NormalBlending",
        "transparent": false,
        "wireframe": false,
        "DbgColor": 15658734,
        "mapDiffuseRepeat": [1,1],
        "mapDiffuseAnisotropy": 1,
        "colorAmbient": [0.64,0.64,0.64],
        "shading": "lambert",
        "visible": true,
        "DbgName": "BoxMat",
        "mapDiffuseWrap": ["RepeatWrapping","RepeatWrapping"],
        "opacity": 1,
        "colorDiffuse": [0.64,0.64,0.64]
    }],
    "vertices": [4,-0,-2,4,0,1.5,-4,0,1.5,-4,-0,-2,4,4,-2,4,4,1.5,-4,4,1.5,-4,4,-2,3.8,0.2,1.5,-3.8,0.2,1.5,3.8,3.8,1.5,-3.8,3.8,1.5,3.8,0.2,-1.8,-3.8,0.2,-1.8,3.8,3.8,-1.8,-3.8,3.8,-1.8,-3.9,0.1,1.6,-3.9,3.9,1.6,-3.9,0.1,1.5,-3.9,3.9,1.5,-0.1,0.1,1.6,-0.1,3.9,1.6,-0.1,0.1,1.5,-0.1,3.9,1.5,0.1,0.1,1.6,0.1,3.9,1.6,0.1,0.1,1.5,0.1,3.9,1.5,3.9,0.1,1.6,3.9,3.9,1.6,3.9,0.1,1.5,3.9,3.9,1.5,-0.2,-0,-2,-0.2,0,1.5,-0.199999,4,-2,-0.200001,4,1.5,-0.2,0.2,1.5,-0.200001,3.8,1.5,-0.199999,0.2,-1.8,-0.2,3.8,-1.8,0.2,-0,-2,0.2,0,1.5,0.200001,4,-2,0.199999,4,1.5,0.2,0.2,1.5,0.199999,3.8,1.5,0.200001,0.2,-1.8,0.2,3.8,-1.8],
    "faces": [43,32,33,2,3,0,0,1,2,3,0,1,2,3,43,34,7,6,35,0,4,5,6,7,4,5,6,7,43,0,4,5,1,0,8,9,10,11,8,9,10,11,43,35,6,11,37,0,7,6,12,13,7,6,12,13,43,2,6,7,3,0,14,15,5,3,2,6,5,3,43,34,32,3,7,0,4,0,3,5,4,0,3,5,43,37,11,15,39,0,16,17,18,19,13,12,11,2,43,6,2,9,11,0,15,14,20,21,6,2,14,12,43,1,5,10,8,0,11,10,22,23,11,10,13,15,43,41,1,8,44,0,24,25,26,27,1,11,15,14,43,38,39,15,13,0,28,19,18,29,6,2,11,10,43,8,10,14,12,0,30,31,32,33,15,13,2,6,43,11,9,13,15,0,34,35,29,18,12,14,10,11,43,44,8,12,46,0,36,37,33,38,14,15,6,10,43,17,19,18,16,0,39,40,41,42,6,5,3,2,43,19,23,22,18,0,40,43,44,41,5,9,8,3,43,23,21,20,22,0,43,45,46,44,9,10,11,8,43,21,17,16,20,0,47,48,49,50,10,6,2,11,43,16,18,22,20,0,51,41,44,52,2,3,8,11,43,21,23,19,17,0,53,43,40,54,10,9,5,6,43,25,27,26,24,0,55,56,57,58,6,5,3,2,43,27,31,30,26,0,56,59,60,57,5,9,8,3,43,31,29,28,30,0,59,61,62,60,9,10,11,8,43,29,25,24,28,0,63,64,65,66,10,6,2,11,43,24,26,30,28,0,67,57,60,68,2,3,8,11,43,29,31,27,25,0,69,59,56,70,10,9,5,6,43,9,36,38,13,0,71,72,28,29,14,15,6,10,43,36,44,45,37,0,73,74,75,76,15,14,12,13,43,2,33,36,9,0,2,1,77,78,2,1,15,14,43,36,37,39,38,0,79,80,19,28,15,13,2,6,43,42,40,32,34,0,81,82,0,4,4,0,0,4,43,43,35,37,45,0,83,7,13,84,7,7,13,12,43,42,34,35,43,0,81,4,7,83,4,4,7,7,43,40,41,33,32,0,82,24,1,0,0,1,1,0,43,0,1,41,40,0,8,25,24,82,8,11,1,0,43,4,42,43,5,0,9,81,83,85,9,4,7,10,43,5,43,45,10,0,85,83,84,86,10,7,12,13,43,4,0,40,42,0,9,8,82,81,9,8,0,4,43,10,45,47,14,0,87,88,89,32,13,12,11,2,43,12,14,47,46,0,33,32,89,38,6,2,11,10,43,44,46,47,45,0,90,38,89,91,14,10,11,12,43,33,41,44,36,0,1,24,27,77,1,1,14,15],
    "uvs": [[0.229108,0.588454,0.229108,0.69159,0.119677,0.69159,0.119677,0.588454,0.229108,0.470584,0.119677,0.470584,0.119677,0.367448,0.229108,0.367448,0.350058,0.588454,0.350059,0.470584,0.450851,0.470585,0.450851,0.588454,0.125436,0.361555,0.229108,0.361555,0.018884,0.588454,0.018884,0.470584,0.66124,0.987258,0.557568,0.987258,0.557568,0.890015,0.66124,0.890015,0.013125,0.58256,0.013125,0.476478,0.45661,0.476478,0.45661,0.582561,0.240627,0.69159,0.350058,0.69159,0.344299,0.697483,0.240627,0.697483,0.66124,0.783933,0.557568,0.783933,0.756273,0.474214,0.756273,0.580297,0.66124,0.580297,0.66124,0.474214,0.462536,0.890015,0.462536,0.783933,0.557568,0.376972,0.66124,0.376972,0.557568,0.474214,0.034946,0.723003,0.037825,0.723003,0.037825,0.834979,0.034946,0.834979,0.147257,0.723003,0.147257,0.834979,0.150137,0.723003,0.150136,0.834979,0.269694,0.834069,0.160262,0.834069,0.160262,0.722093,0.269694,0.722093,0.037825,0.837926,0.147257,0.837926,0.147257,0.720056,0.037825,0.720056,0.034627,0.846045,0.037507,0.846045,0.037507,0.958021,0.034627,0.958021,0.146938,0.846045,0.146938,0.958021,0.149818,0.846045,0.149818,0.958021,0.270402,0.955021,0.16097,0.955021,0.16097,0.843044,0.270402,0.843044,0.037507,0.960968,0.146938,0.960968,0.146938,0.843098,0.037507,0.843098,0.557568,0.68669,0.66124,0.68669,0.280362,0.72453,0.291881,0.72453,0.291881,0.830612,0.280362,0.830612,0.229108,0.697483,0.125436,0.697483,0.756273,0.783933,0.756273,0.890015,0.240627,0.470584,0.240627,0.588454,0.240627,0.367448,0.240627,0.361555,0.350059,0.367448,0.344299,0.361555,0.66124,0.677539,0.557568,0.677539,0.557568,0.580297,0.462536,0.474214,0.462536,0.580297]],
    "normals": [0,-0.707083,-0.707083,0,-0.707083,0.707083,-0.577349,-0.577349,0.577349,-0.577349,-0.577349,-0.577349,0,0.707083,-0.707083,-0.577349,0.577349,-0.577349,-0.577349,0.577349,0.577349,0,0.707083,0.707083,0.577349,-0.577349,-0.577349,0.577349,0.577349,-0.577349,0.577349,0.577349,0.577349,0.577349,-0.577349,0.577349,0.301492,-0.301492,0.904508,-0.301492,-0.301492,0.904508,0.301492,0.301492,0.904508,-0.301492,0.301492,0.904508],
    "name": "CubeGeometry",
    "metadata": {
        "version": 3,
        "uvs": 1,
        "materials": 1,
        "vertices": 48,
        "type": "Geometry",
        "generator": "io_three",
        "faces": 42,
        "normals": 16
    }
}