{
    "vertices": [4,-0,-2,4,0,1.5,-4,0,1.5,-4,-0,-2,4,8,-2,4,8,1.5,-4,8,1.5,-4,8,-2,3.8,0.2,1.5,-3.8,0.2,1.5,3.8,7.8,1.5,-3.8,7.8,1.5,3.8,0.2,-1.8,-3.8,0.2,-1.8,3.8,7.8,-1.8,-3.8,7.8,-1.8,-3.9,0.1,1.6,-3.9,7.9,1.6,-3.9,0.1,1.5,-3.9,7.9,1.5,-0.1,0.1,1.6,-0.1,7.9,1.6,-0.1,0.1,1.5,-0.1,7.9,1.5,0.1,0.1,1.6,0.1,7.9,1.6,0.1,0.1,1.5,0.1,7.9,1.5,3.9,0.1,1.6,3.9,7.9,1.6,3.9,0.1,1.5,3.9,7.9,1.5,-0.2,-0,-2,-0.2,0,1.5,-0.199999,8,-2,-0.200001,8,1.5,-0.2,0.2,1.5,-0.200001,7.8,1.5,-0.199999,0.2,-1.8,-0.2,7.8,-1.8,0.2,-0,-2,0.2,0,1.5,0.200001,8,-2,0.199999,8,1.5,0.2,0.2,1.5,0.199999,7.8,1.5,0.200001,0.2,-1.8,0.2,7.8,-1.8],
    "normals": [0,-0.707083,-0.707083,0,-0.707083,0.707083,-0.577349,-0.577349,0.577349,-0.577349,-0.577349,-0.577349,0,0.707083,-0.707083,-0.577349,0.577349,-0.577349,-0.577349,0.577349,0.577349,0,0.707083,0.707083,0.577349,-0.577349,-0.577349,0.577349,0.577349,-0.577349,0.577349,0.577349,0.577349,0.577349,-0.577349,0.577349,0.301492,-0.301492,0.904508,-0.301492,-0.301492,0.904508,0.301492,0.301492,0.904508,-0.301492,0.301492,0.904508],
    "uvs": [[0.212455,0.571032,0.212425,0.673743,0.117796,0.673706,0.117826,0.570995,0.212524,0.361245,0.117894,0.361208,0.117924,0.257258,0.212554,0.257294,0.317045,0.571646,0.317114,0.361285,0.404273,0.361319,0.404204,0.571679,0.122907,0.251674,0.212555,0.251709,0.030667,0.570961,0.030736,0.361175,0.873384,0.667654,0.783735,0.667654,0.783735,0.57549,0.873384,0.57549,0.025688,0.565374,0.025753,0.366759,0.409252,0.366907,0.409187,0.565522,0.222386,0.673746,0.317015,0.673783,0.312033,0.679367,0.222385,0.679332,0.873384,0.363233,0.783735,0.363233,0.701157,0.363233,0.701157,0.57549,0.618979,0.57549,0.618979,0.363233,0.701557,0.57549,0.701557,0.363233,0.52933,0.271069,0.618979,0.271069,0.52933,0.363233,0.510179,0.94291,0.506818,0.942892,0.506818,0.726946,0.510178,0.726963,0.413012,0.942892,0.413012,0.726946,0.409652,0.942875,0.409651,0.726928,0.853715,0.94202,0.759085,0.94202,0.759085,0.724177,0.853715,0.724177,0.506818,0.724177,0.413012,0.724177,0.413012,0.945661,0.506818,0.945661,0.611105,0.94291,0.607745,0.942892,0.607745,0.726946,0.611105,0.726963,0.513939,0.942892,0.513939,0.726946,0.510578,0.942875,0.510578,0.726928,0.758686,0.94202,0.664056,0.94202,0.664056,0.724177,0.758686,0.724177,0.607745,0.724177,0.513939,0.724177,0.513939,0.945661,0.607745,0.945661,0.783735,0.271069,0.873384,0.271069,0.653696,0.724177,0.663657,0.724177,0.663657,0.936434,0.653696,0.936434,0.212424,0.679328,0.122774,0.679294,0.955562,0.363233,0.955562,0.57549,0.222485,0.361249,0.222416,0.571036,0.222515,0.257298,0.222516,0.251713,0.317144,0.257335,0.312165,0.251747,0.618979,0.667654,0.52933,0.667654,0.52933,0.57549,0.447151,0.363233,0.447151,0.57549]],
    "materials": [{
        "wireframe": false,
        "DbgColor": 15658734,
        "DbgIndex": 0,
        "opacity": 1,
        "depthWrite": true,
        "mapDiffuseRepeat": [1,1],
        "colorDiffuse": [0.64,0.64,0.64],
        "transparent": false,
        "DbgName": "BoxMat",
        "blending": "NormalBlending",
        "mapDiffuse": "cabinet_wood_2_1_b.tex.png",
        "mapDiffuseAnisotropy": 1,
        "shading": "lambert",
        "colorAmbient": [0.64,0.64,0.64],
        "visible": true,
        "depthTest": true,
        "mapDiffuseWrap": ["RepeatWrapping","RepeatWrapping"],
        "colorEmissive": [0,0,0]
    }],
    "skinIndices": [0,0,0,0,0,0,0,0,0,0,0,0,0,0,0,0,0,0,0,0,0,0,0,0,0,0,0,0,0,0,0,0,4,0,4,0,4,0,4,0,4,0,4,0,4,0,4,0,2,0,2,0,2,0,2,0,2,0,2,0,2,0,2,0,0,0,0,0,0,0,0,0,0,0,0,0,0,0,0,0,0,0,0,0,0,0,0,0,0,0,0,0,0,0,0,0],
    "influencesPerVertex": 2,
    "skinWeights": [1,0,1,0,1,0,1,0,1,0,1,0,1,0,1,0,1,0,1,0,1,0,1,0,1,0,1,0,1,0,1,0,1,0,1,0,1,0,1,0,1,0,1,0,1,0,1,0,1,0,1,0,1,0,1,0,1,0,1,0,1,0,1,0,1,0,1,0,1,0,1,0,1,0,1,0,1,0,1,0,1,0,1,0,1,0,1,0,1,0,1,0,1,0,1,0],
    "metadata": {
        "normals": 16,
        "materials": 1,
        "vertices": 48,
        "uvs": 1,
        "version": 3,
        "bones": 5,
        "type": "Geometry",
        "faces": 42,
        "generator": "io_three"
    },
    "faces": [43,32,33,2,3,0,0,1,2,3,0,1,2,3,43,34,7,6,35,0,4,5,6,7,4,5,6,7,43,0,4,5,1,0,8,9,10,11,8,9,10,11,43,35,6,11,37,0,7,6,12,13,7,6,12,13,43,2,6,7,3,0,14,15,5,3,2,6,5,3,43,34,32,3,7,0,4,0,3,5,4,0,3,5,43,37,11,15,39,0,16,17,18,19,13,12,11,2,43,6,2,9,11,0,15,14,20,21,6,2,14,12,43,1,5,10,8,0,11,10,22,23,11,10,13,15,43,41,1,8,44,0,24,25,26,27,1,11,15,14,43,38,39,15,13,0,28,19,18,29,6,2,11,10,43,8,10,14,12,0,30,31,32,33,15,13,2,6,43,11,9,13,15,0,34,35,29,18,12,14,10,11,43,44,8,12,46,0,36,37,33,38,14,15,6,10,43,17,19,18,16,0,39,40,41,42,6,5,3,2,43,19,23,22,18,0,40,43,44,41,5,9,8,3,43,23,21,20,22,0,43,45,46,44,9,10,11,8,43,21,17,16,20,0,47,48,49,50,10,6,2,11,43,16,18,22,20,0,51,41,44,52,2,3,8,11,43,21,23,19,17,0,53,43,40,54,10,9,5,6,43,25,27,26,24,0,55,56,57,58,6,5,3,2,43,27,31,30,26,0,56,59,60,57,5,9,8,3,43,31,29,28,30,0,59,61,62,60,9,10,11,8,43,29,25,24,28,0,63,64,65,66,10,6,2,11,43,24,26,30,28,0,67,57,60,68,2,3,8,11,43,29,31,27,25,0,69,59,56,70,10,9,5,6,43,9,36,38,13,0,71,72,28,29,14,15,6,10,43,36,44,45,37,0,73,74,75,76,15,14,12,13,43,2,33,36,9,0,2,1,77,78,2,1,15,14,43,36,37,39,38,0,79,80,19,28,15,13,2,6,43,42,40,32,34,0,81,82,0,4,4,0,0,4,43,43,35,37,45,0,83,7,13,84,7,7,13,12,43,42,34,35,43,0,81,4,7,83,4,4,7,7,43,40,41,33,32,0,82,24,1,0,0,1,1,0,43,0,1,41,40,0,8,25,24,82,8,11,1,0,43,4,42,43,5,0,9,81,83,85,9,4,7,10,43,5,43,45,10,0,85,83,84,86,10,7,12,13,43,4,0,40,42,0,9,8,82,81,9,8,0,4,43,10,45,47,14,0,87,88,89,32,13,12,11,2,43,12,14,47,46,0,33,32,89,38,6,2,11,10,43,44,46,47,45,0,90,38,89,91,14,10,11,12,43,33,41,44,36,0,1,24,27,77,1,1,14,15],
    "bones": [{
        "parent": -1,
        "rotq": [0,0,0,1],
        "pos": [0,0,-0],
        "name": "Bone.Basic"
    },{
        "parent": 0,
        "rotq": [0,0,0,1],
        "pos": [0,1,-0],
        "name": "l_Bone.Basic"
    },{
        "parent": 1,
        "rotq": [0,0,0,1],
        "pos": [3.9,3,1.5],
        "name": "l_Bone.Door"
    },{
        "parent": 0,
        "rotq": [0,0,0,1],
        "pos": [0,1,-0],
        "name": "r_Bone.Basic"
    },{
        "parent": 3,
        "rotq": [0,0,0,1],
        "pos": [-3.9,3,1.5],
        "name": "r_Bone.Door"
    }],
    "name": "CubeGeometry"
}