{
    "skinWeights": [1,0,1,0,1,0,1,0,1,0,1,0,1,0,1,0,1,0,1,0,1,0,1,0,0,0,0,0,0,0,0,0,1,0,1,0,1,0,1,0,1,0,1,0,1,0,1,0],
    "materials": [{
        "DbgIndex": 0,
        "blending": "NormalBlending",
        "mapDiffuseRepeat": [1,1],
        "transparent": false,
        "mapDiffuseWrap": ["RepeatWrapping","RepeatWrapping"],
        "mapDiffuseAnisotropy": 1,
        "colorEmissive": [0,0,0],
        "depthWrite": true,
        "depthTest": true,
        "opacity": 1,
        "visible": true,
        "colorDiffuse": [0.64,0.64,0.64],
        "DbgColor": 15658734,
        "DbgName": "BoxMat",
        "mapDiffuse": "cabinet_wood_1_1.tex.png",
        "colorAmbient": [0.64,0.64,0.64],
        "wireframe": false,
        "shading": "lambert"
    }],
    "bones": [{
        "pos": [0,0,-0],
        "name": "Bone",
        "parent": -1,
        "rotq": [0,0,0,1]
    },{
        "pos": [1.83225,2.01428,1.5568],
        "name": "Bone.Door",
        "parent": 0,
        "rotq": [0,0,0,1]
    }],
    "vertices": [2,-0,-2,2,0,1.5,-2,0,1.5,-2,-0,-2,2,4,-2,2,4,1.5,-2,4,1.5,-2,4,-2,1.8,0.2,1.5,-1.8,0.2,1.5,1.8,3.8,1.5,-1.8,3.8,1.5,1.8,0.2,-1.8,-1.8,0.2,-1.8,1.8,3.8,-1.8,-1.8,3.8,-1.8,-1.9,0.1,1.6,-1.9,3.9,1.6,-1.9,0.1,1.5,-1.9,3.9,1.5,1.9,0.1,1.6,1.9,3.9,1.6,1.9,0.1,1.5,1.9,3.9,1.5],
    "influencesPerVertex": 2,
    "faces": [43,0,1,2,3,0,0,1,2,3,0,1,2,3,43,4,7,6,5,0,4,5,6,7,4,5,6,7,43,0,4,5,1,0,0,4,8,9,0,4,7,1,43,5,6,11,10,0,7,6,10,11,7,6,8,9,43,2,6,7,3,0,12,13,5,3,2,6,5,3,43,4,0,3,7,0,4,0,3,5,4,0,3,5,43,10,11,15,14,0,14,15,16,17,9,8,1,2,43,6,2,9,11,0,13,12,18,19,6,2,10,8,43,1,5,10,8,0,9,8,20,21,1,7,9,11,43,2,1,8,9,0,2,1,22,23,2,1,11,10,43,12,14,15,13,0,24,17,16,25,6,2,1,7,43,8,10,14,12,0,26,27,17,24,11,9,2,6,43,11,9,13,15,0,28,29,25,16,8,10,7,1,43,9,8,12,13,0,30,31,24,25,10,11,6,7,43,17,19,18,16,0,32,33,34,35,6,5,3,2,43,19,23,22,18,0,33,36,37,34,5,4,0,3,43,23,21,20,22,0,36,38,39,37,4,7,1,0,43,21,17,16,20,0,40,41,42,43,7,6,2,1,43,16,18,22,20,0,44,34,37,45,2,3,0,1,43,21,23,19,17,0,46,36,33,47,7,4,5,6],
    "skinIndices": [0,0,0,0,0,0,0,0,0,0,0,0,0,0,0,0,0,0,0,0,0,0,0,0,0,0,0,0,0,0,0,0,1,0,1,0,1,0,1,0,1,0,1,0,1,0,1,0],
    "name": "CubeGeometry",
    "metadata": {
        "version": 3,
        "vertices": 24,
        "materials": 1,
        "normals": 12,
        "uvs": 1,
        "generator": "io_three",
        "bones": 2,
        "type": "Geometry",
        "faces": 20
    },
    "normals": [0.577349,-0.577349,-0.577349,0.577349,-0.577349,0.577349,-0.577349,-0.577349,0.577349,-0.577349,-0.577349,-0.577349,0.577349,0.577349,-0.577349,-0.577349,0.577349,-0.577349,-0.577349,0.577349,0.577349,0.577349,0.577349,0.577349,0.301492,-0.301492,0.904508,-0.301492,-0.301492,0.904508,0.301492,0.301492,0.904508,-0.301492,0.301492,0.904508],
    "uvs": [[0.286097,0.688449,0.286097,0.814715,0.141921,0.814715,0.141921,0.68845,0.286097,0.538521,0.141921,0.538521,0.141921,0.415209,0.286096,0.415209,0.41225,0.538521,0.41225,0.688449,0.14913,0.407712,0.278888,0.407712,0.015768,0.68845,0.015768,0.538521,0.440487,0.668528,0.440487,0.539361,0.559432,0.539361,0.559431,0.668528,0.008559,0.680953,0.008559,0.546018,0.419459,0.546018,0.419459,0.680953,0.278888,0.822212,0.14913,0.822212,0.689189,0.668528,0.689189,0.539361,0.689189,0.786931,0.559431,0.786931,0.559431,0.420959,0.689189,0.420959,0.808134,0.539361,0.808134,0.668528,0.00835,0.839583,0.011954,0.839583,0.011954,0.975926,0.00835,0.975926,0.148921,0.839583,0.148921,0.975926,0.152525,0.839583,0.152525,0.975926,0.307118,0.977299,0.170151,0.977299,0.170151,0.840956,0.307118,0.840956,0.011954,0.979514,0.148921,0.979514,0.148921,0.835995,0.011954,0.835995]]
}