{
    "uvs": [[0.487912,0.000192097,0.487912,0.238104,0.0120878,0.238105,0.0120875,0.000192848,0.487912,0.487912,0.0120878,0.487912,0.0120877,0.25,0.487912,0.25,0.499808,0.487912,0.499808,0.25,0.000192097,0.25,0.000192242,0.487912,0.487912,0.499808,0.0120878,0.499808,0.487912,0.500192,0.487912,0.738104,0.0120877,0.738105,0.0120875,0.500193,0.487912,0.987912,0.0120878,0.987912,0.0120877,0.75,0.487912,0.75,0.499808,0.987912,0.499808,0.75,0.000192097,0.75,0.000192213,0.987912,0.487912,0.999808,0.0120878,0.999808,0.512088,0.470453,0.726208,0.470452,0.726208,0.482348,0.512088,0.482349,0.51209,0.940328,0.51209,0.928433,0.72621,0.928432,0.72621,0.940327,0.952226,0.482347,0.952226,0.928432,0.738106,0.928432,0.738106,0.482348,0.500192,0.928433,0.500192,0.482349,0.940331,0.0120879,0.72621,0.0120882,0.72621,0.000192603,0.940331,0.000192097,0.940331,0.458172,0.940331,0.470068,0.726211,0.470068,0.726211,0.458172,0.714315,0.458172,0.714313,0.0120882,0.500195,0.458174,0.500192,0.0120894,0.952226,0.0120878,0.952229,0.458172]],
    "normals": [0.577349,-0.577319,-0.577349,0.577349,-0.577349,0.577319,-0.577319,-0.577349,0.577349,-0.577319,-0.577349,-0.577349,0.577349,0.577349,-0.577319,-0.577349,0.577349,-0.577319,-0.577349,0.577319,0.577349,0.577319,0.577349,0.577349,-0.577349,0.577349,-0.577349,0.577349,-0.577349,-0.577319,0.577319,-0.577349,0.577349,-0.577349,-0.577349,0.577319,-0.577349,-0.577349,-0.577349,-0.577349,0.577349,0.577319,0.577319,0.577319,0.577349],
    "metadata": {
        "normals": 15,
        "faces": 24,
        "generator": "io_three",
        "vertices": 32,
        "uvs": 1,
        "materials": 1,
        "version": 3,
        "type": "Geometry"
    },
    "name": "CubeGeometry",
    "vertices": [4,2.9,-2,4,2.9,2,-4,2.9,2,-4,2.9,-2,4,3.1,-2,4,3.1,2,-4,3.1,2,-4,3.1,-2,4,5.7,-2,4,5.7,2,-4,5.7,2,-4,5.7,-2,4,5.9,-2,4,5.9,2,-4,5.9,2,-4,5.9,-2,-3.6,-7.86805e-08,-1.8,-3.6,7.86805e-08,1.8,-3.8,7.86805e-08,1.8,-3.8,-7.86805e-08,-1.8,-3.6,7.5,-1.8,-3.6,7.5,1.8,-3.8,7.5,1.8,-3.8,7.5,-1.8,3.8,-0.117726,-1.8,3.8,-0.117726,1.8,3.6,-0.117726,1.8,3.6,-0.117726,-1.8,3.8,7.38227,-1.8,3.8,7.38227,1.8,3.6,7.38227,1.8,3.6,7.38227,-1.8],
    "faces": [43,0,1,2,3,0,0,1,2,3,0,1,2,3,43,4,7,6,5,0,4,5,6,7,4,5,6,7,43,0,4,5,1,0,8,4,7,9,0,4,7,1,43,1,5,6,2,0,1,7,6,2,1,7,6,2,43,2,6,7,3,0,10,6,5,11,2,6,5,3,43,4,0,3,7,0,4,12,13,5,4,0,3,5,43,8,9,10,11,0,14,15,16,17,0,1,2,3,43,12,15,14,13,0,18,19,20,21,4,8,6,7,43,8,12,13,9,0,22,18,21,23,0,4,7,1,43,9,13,14,10,0,15,21,20,16,1,7,6,2,43,10,14,15,11,0,24,20,19,25,2,6,8,3,43,12,8,11,15,0,18,26,27,19,4,0,3,8,43,16,17,18,19,0,28,29,30,31,9,10,11,12,43,20,23,22,21,0,32,33,34,35,4,8,13,7,43,16,20,21,17,0,36,37,38,39,9,4,7,10,43,17,21,22,18,0,39,38,34,30,10,7,13,11,43,18,22,23,19,0,30,34,33,31,11,13,8,12,43,20,16,19,23,0,40,41,31,33,4,9,12,8,43,24,25,26,27,0,42,43,44,45,9,10,11,12,43,28,31,30,29,0,46,47,48,49,4,8,13,14,43,24,28,29,25,0,42,46,49,43,9,4,14,10,43,25,29,30,26,0,43,49,50,51,10,14,13,11,43,26,30,31,27,0,51,50,52,53,11,13,8,12,43,28,24,27,31,0,46,42,54,55,4,9,12,8],
  "materials": [
    {
      "depthWrite": true,
      "colorDiffuse": [ 0.64, 0.64, 0.64 ],
      "colorEmissive": [ 0, 0, 0 ],
      "DbgIndex": 0,
      "opacity": 1,
      "shading": "phong",
      "mapDiffuse": "wood-2.jpg",
      "visible": true,
      "mapDiffuseWrap": [ "RepeatWrapping", "RepeatWrapping" ],
      "depthTest": true,
      "DbgColor": 15658734,
      "transparent": false,
      "wireframe": false,
      "colorAmbient": [ 0.64, 0.64, 0.64 ],
      "mapDiffuseAnisotropy": 1,
      "colorSpecular": [ 0.5, 0.5, 0.5 ],
      "blending": "NormalBlending",
      "mapDiffuseRepeat": [ 1, 1 ],
      "specularCoef": 50,
      "DbgName": "Material"
    }
  ]
}