{
  "materials": [
    {
      "mapDiffuseAnisotropy": 1,
      "DbgColor": 15658734,
      "colorDiffuse": [ 0.8, 0.8, 0.8 ],
      "opacity": 1,
      "mapDiffuseWrap": [ "RepeatWrapping", "RepeatWrapping" ],
      "transparent": false,
      "colorEmissive": [ 0, 0, 0 ],
      "depthTest": true,
      "shading": "phong",
      "colorSpecular": [ 0.0798681, 0.0798681, 0.0798681 ],
      "blending": "NormalBlending",
      "mapDiffuse": "wood-2.jpg",
      "specularCoef": 50,
      "depthWrite": true,
      "DbgIndex": 0,
      "wireframe": false,
      "mapDiffuseRepeat": [ 2, 2 ],
      "DbgName": "TableWoodMat",
      "visible": true
    }
  ],
    "faces": [43,41,29,6,35,0,0,1,2,3,0,1,2,3,43,24,25,5,1,0,4,5,6,7,4,5,6,7,43,33,35,6,2,0,8,9,10,11,8,3,2,9,43,17,19,7,3,0,12,13,14,15,10,1,11,12,43,34,32,3,7,0,16,17,15,14,13,14,12,11,43,44,0,8,48,0,18,19,20,21,14,15,16,14,43,24,1,9,26,0,4,7,22,23,4,7,17,4,43,17,3,11,21,0,12,15,24,25,10,12,18,10,43,33,2,10,37,0,8,11,26,27,8,9,19,8,43,117,112,13,27,0,28,29,30,31,20,21,21,22,43,114,113,15,23,0,32,33,34,35,23,24,24,25,43,121,126,12,50,0,36,37,38,39,26,27,27,28,43,118,127,14,39,0,40,41,42,43,29,30,30,31,43,123,114,23,75,0,44,32,35,45,32,23,25,10,43,126,115,22,12,0,37,46,47,38,27,20,33,27,43,72,17,21,74,0,48,12,25,49,10,10,10,10,43,0,16,20,8,0,19,50,51,52,15,4,4,16,43,72,73,19,17,0,48,53,13,12,10,1,1,10,43,0,4,18,16,0,19,54,55,50,15,34,5,4,43,34,7,19,40,0,56,57,58,59,13,11,1,0,43,2,6,29,28,0,11,10,60,61,9,2,1,10,43,2,28,30,10,0,11,61,62,63,9,10,10,19,43,127,116,31,14,0,41,64,65,42,30,23,32,30,43,125,117,27,87,0,66,28,31,67,20,20,22,4,43,84,24,26,86,0,68,4,23,69,4,4,4,4,43,84,85,25,24,0,68,70,5,4,4,5,5,4,43,88,93,29,41,0,71,72,1,0,0,1,1,0,43,89,88,41,43,0,73,71,0,74,0,0,0,0,43,46,34,40,42,0,75,56,59,76,13,13,0,0,43,120,118,39,51,0,77,40,43,78,29,29,31,35,43,113,119,38,15,0,33,79,80,34,24,26,36,24,43,45,33,37,49,0,81,8,27,82,8,8,8,8,43,3,32,36,11,0,15,17,83,84,12,14,14,18,43,46,44,32,34,0,85,18,17,16,13,14,14,13,43,45,47,35,33,0,81,86,9,8,8,3,3,8,43,43,41,35,47,0,74,0,3,87,0,0,3,3,43,25,43,47,5,0,88,74,87,89,5,0,3,6,43,1,5,47,45,0,90,91,86,81,7,6,3,8,43,4,0,44,46,0,54,19,18,85,34,15,14,13,43,1,45,49,9,0,90,81,82,92,7,8,8,17,43,112,120,51,13,0,93,77,78,94,21,29,35,21,43,4,46,42,18,0,95,75,76,96,34,13,0,5,43,85,89,43,25,0,97,73,74,88,5,0,0,5,43,119,121,50,38,0,79,36,39,80,26,26,28,36,43,32,44,48,36,0,17,18,21,83,14,14,14,14,43,60,61,62,63,0,98,99,100,101,15,7,37,38,43,90,54,31,95,0,102,103,104,105,39,16,32,10,43,64,65,66,67,0,106,107,108,109,15,7,37,38,43,50,53,52,38,0,110,111,112,113,28,19,17,36,43,91,55,54,90,0,114,115,103,102,39,18,16,39,43,55,51,39,54,0,115,116,117,103,18,35,31,16,43,87,27,55,91,0,118,119,115,114,4,22,18,39,43,68,69,70,71,0,120,121,122,123,15,7,37,38,43,56,57,58,59,0,124,125,126,127,15,7,37,38,43,52,57,56,38,0,128,129,130,131,17,7,15,36,43,23,58,57,52,0,132,133,134,135,25,37,7,17,43,15,59,58,23,0,136,137,133,132,24,38,37,25,43,38,56,59,15,0,131,130,137,136,36,15,38,24,43,39,61,60,54,0,138,139,140,141,31,7,15,16,43,14,62,61,39,0,142,143,139,138,30,37,7,31,43,31,63,62,14,0,144,145,143,142,32,38,37,30,43,54,60,63,31,0,146,147,145,144,16,15,38,32,43,13,65,64,27,0,148,149,150,151,21,7,15,22,43,51,66,65,13,0,152,153,149,148,35,37,7,21,43,55,67,66,51,0,154,155,153,152,18,38,37,35,43,27,64,67,55,0,151,150,156,157,22,15,38,18,43,22,69,68,12,0,158,159,160,161,33,7,15,27,43,53,70,69,22,0,162,163,159,158,19,37,7,33,43,50,71,70,53,0,164,165,166,167,28,38,37,19,43,12,68,71,50,0,161,160,165,164,27,15,38,28,43,22,79,83,53,0,168,169,170,111,33,4,39,19,43,53,83,82,52,0,111,170,171,112,19,39,39,17,43,52,82,75,23,0,112,171,172,173,17,39,10,25,43,18,42,81,77,0,96,76,174,175,5,0,0,5,43,42,40,80,81,0,76,59,176,174,0,0,0,0,43,40,19,73,80,0,59,58,177,176,0,1,1,0,43,16,18,77,76,0,50,55,178,179,4,5,5,4,43,16,76,78,20,0,50,179,180,51,4,4,4,4,43,115,122,79,22,0,46,181,182,47,20,20,4,33,43,150,151,73,72,0,183,184,53,48,10,1,1,10,43,150,72,74,152,0,183,48,49,185,10,10,10,10,43,166,123,75,153,0,186,44,45,187,25,32,10,10,43,116,124,95,31,0,64,188,189,65,23,25,10,32,43,28,92,94,30,0,61,190,191,62,10,10,10,10,43,28,29,93,92,0,61,60,192,190,10,1,1,10,43,139,87,91,143,0,193,118,114,194,4,4,39,39,43,143,91,90,142,0,194,114,102,195,39,39,39,40,43,142,90,95,135,0,195,102,105,196,40,39,10,10,43,137,141,89,85,0,197,198,73,97,5,0,0,5,43,141,140,88,89,0,198,199,71,73,0,0,0,0,43,140,133,93,88,0,199,200,72,71,0,1,1,0,43,136,137,85,84,0,201,202,70,68,4,5,5,4,43,136,84,86,138,0,201,68,69,203,4,4,4,4,43,146,125,87,139,0,204,66,67,205,20,20,4,4,43,138,86,111,144,0,206,207,208,209,4,4,20,20,43,30,94,110,102,0,210,211,212,213,10,10,41,23,43,152,74,109,165,0,214,215,216,217,10,10,42,41,43,20,78,108,101,0,218,219,220,221,4,4,20,20,43,36,48,107,105,0,222,223,224,225,14,14,26,26,43,9,49,106,97,0,226,227,228,229,17,8,29,21,43,11,36,105,99,0,230,222,225,231,18,14,26,24,43,49,37,104,106,0,227,232,233,228,8,8,29,29,43,86,26,103,111,0,207,234,235,208,4,4,20,20,43,10,30,102,98,0,236,210,213,237,19,10,23,30,43,8,20,101,96,0,238,218,221,239,16,4,20,27,43,74,21,100,109,0,215,240,241,216,10,10,23,42,43,37,10,98,104,0,232,236,237,233,8,19,30,29,43,48,8,96,107,0,223,238,239,224,14,16,27,26,43,21,11,99,100,0,240,230,231,241,10,18,24,23,43,26,9,97,103,0,234,242,243,235,4,17,21,20,43,144,111,125,146,0,209,208,66,204,20,20,20,20,43,102,110,124,116,0,213,212,188,64,23,41,25,23,43,101,108,122,115,0,221,220,181,46,20,20,20,20,43,105,107,121,119,0,225,224,36,79,26,26,26,26,43,97,106,120,112,0,229,228,77,93,21,29,29,21,43,99,105,119,113,0,231,225,79,33,24,26,26,24,43,106,104,118,120,0,228,233,40,77,29,29,29,29,43,111,103,117,125,0,208,235,28,66,20,20,20,20,43,98,102,116,127,0,237,213,64,41,30,23,23,30,43,96,101,115,126,0,239,221,46,37,27,20,20,27,43,109,100,114,123,0,216,241,32,44,42,23,23,32,43,104,98,127,118,0,233,237,41,40,29,30,30,29,43,107,96,126,121,0,224,239,37,36,26,27,27,26,43,100,99,113,114,0,241,231,33,32,23,24,24,23,43,103,97,112,117,0,235,243,29,28,20,21,21,20,43,167,129,130,156,0,244,245,246,247,43,44,38,37,43,145,148,128,110,0,248,249,250,251,42,44,43,41,43,123,130,129,109,0,252,246,245,253,32,38,44,42,43,166,156,130,123,0,254,247,246,255,25,37,38,32,43,110,128,131,124,0,256,250,257,258,41,43,37,25,43,124,131,149,147,0,259,257,260,261,25,37,38,32,43,147,149,148,145,0,262,260,249,263,32,38,44,42,43,128,148,149,131,0,250,249,260,257,43,44,38,37,43,154,144,146,155,0,264,209,204,265,20,20,20,20,43,94,134,145,110,0,211,266,267,212,10,10,42,41,43,159,138,144,154,0,268,206,209,264,4,4,20,20,43,155,146,139,160,0,265,204,205,269,20,20,4,4,43,157,136,138,159,0,270,201,203,271,4,4,4,4,43,157,158,137,136,0,270,272,202,201,4,5,5,4,43,161,151,133,140,0,273,274,200,199,0,1,1,0,43,162,161,140,141,0,275,273,199,198,0,0,0,0,43,158,162,141,137,0,276,275,198,197,5,0,0,5,43,163,142,135,153,0,277,195,196,278,39,40,10,10,43,164,143,142,163,0,279,194,195,277,39,39,40,39,43,160,139,143,164,0,280,193,194,279,4,4,39,39,43,124,147,135,95,0,188,281,282,189,25,32,10,10,43,92,132,134,94,0,190,283,284,191,10,10,10,10,43,92,93,133,132,0,190,192,285,283,10,1,1,10,43,79,160,164,83,0,169,280,279,170,4,4,39,39,43,83,164,163,82,0,170,279,277,171,39,39,39,39,43,82,163,153,75,0,171,277,278,172,39,39,10,10,43,77,81,162,158,0,175,174,275,276,5,0,0,5,43,81,80,161,162,0,174,176,273,275,0,0,0,0,43,80,73,151,161,0,176,177,274,273,0,1,1,0,43,76,77,158,157,0,179,178,272,270,4,5,5,4,43,76,157,159,78,0,179,270,271,180,4,4,4,4,43,122,155,160,79,0,181,265,269,182,20,20,4,4,43,78,159,154,108,0,219,268,264,220,4,4,20,20,43,108,154,155,122,0,220,264,265,181,20,20,20,20,43,109,129,167,165,0,286,245,244,287,42,44,43,41,43,166,165,167,156,0,288,289,244,247,25,41,43,37,43,145,165,166,147,0,290,291,292,293,42,41,25,32,43,134,152,165,145,0,266,214,217,267,10,10,41,42,43,147,166,153,135,0,281,186,187,282,32,25,10,10,43,132,150,152,134,0,283,183,185,284,10,10,10,10,43,132,133,151,150,0,283,285,184,183,10,1,1,10],