{
    "materials": [{
        "mapDiffuseAnisotropy": 1,
        "DbgColor": 15658734,
        "colorDiffuse": [0.8,0.8,0.8],
        "opacity": 1,
        "mapDiffuseWrap": ["RepeatWrapping","RepeatWrapping"],
        "transparent": false,
        "colorEmissive": [0,0,0],
        "depthTest": true,
        "shading": "lambert",
        "colorSpecular": [0.197515,0.197515,0.197515],
        "blending": "NormalBlending",
        "mapDiffuse": "wood-2.jpg",
        "specularCoef": 50,
        "colorAmbient": [0.8,0.8,0.8],
        "depthWrite": true,
        "DbgIndex": 0,
        "wireframe": false,
        "mapDiffuseRepeat": [2,2],
        "DbgName": "TableWoodMat",
        "visible": true
    }],
    "faces": [43,41,29,6,35,0,0,1,2,3,0,1,2,3,43,24,25,5,1,0,4,5,6,7,4,5,6,7,43,33,35,6,2,0,8,9,10,11,8,3,2,9,43,17,19,7,3,0,12,13,14,15,10,1,11,12,43,34,32,3,7,0,16,17,15,14,13,14,12,11,43,44,0,8,48,0,18,19,20,21,14,15,16,14,43,24,1,9,26,0,4,7,22,23,4,7,17,4,43,17,3,11,21,0,12,15,24,25,10,12,18,10,43,33,2,10,37,0,8,11,26,27,8,9,19,8,43,91,86,13,27,0,28,29,30,31,20,21,21,22,43,88,87,15,23,0,32,33,34,35,23,24,24,25,43,95,98,12,50,0,36,37,38,39,26,27,27,28,43,92,99,14,39,0,40,41,42,43,29,30,30,31,43,20,26,79,77,0,44,45,46,47,4,4,20,20,43,98,89,22,12,0,37,48,49,38,27,20,32,27,43,90,88,23,31,0,50,32,35,51,25,23,25,23,43,0,16,20,8,0,19,52,53,54,15,4,4,16,43,28,17,21,30,0,55,12,25,56,10,10,10,10,43,0,4,18,16,0,19,57,58,52,15,33,5,4,43,34,7,19,40,0,59,60,61,62,13,11,1,0,43,2,6,29,28,0,11,10,63,55,9,2,1,10,43,2,28,30,10,0,11,55,56,64,9,10,10,19,43,99,90,31,14,0,41,50,51,42,30,25,23,30,43,28,29,19,17,0,55,63,13,12,10,1,1,10,43,89,91,27,22,0,48,28,31,49,20,20,22,32,43,16,24,26,20,0,52,4,23,53,4,4,4,4,43,16,18,25,24,0,52,58,5,4,4,5,5,4,43,40,19,29,41,0,62,61,1,0,0,1,1,0,43,46,34,40,42,0,65,59,62,66,13,13,0,0,43,94,92,39,51,0,67,40,43,68,29,29,31,34,43,87,93,38,15,0,33,69,70,34,24,26,35,24,43,45,33,37,49,0,71,8,27,72,8,8,8,8,43,3,32,36,11,0,15,17,73,74,12,14,14,18,43,46,44,32,34,0,75,18,17,16,13,14,14,13,43,45,47,35,33,0,71,76,9,8,8,3,3,8,43,43,41,35,47,0,77,0,3,78,0,0,3,3,43,25,43,47,5,0,79,77,78,80,5,0,3,6,43,1,5,47,45,0,81,82,76,71,7,6,3,8,43,4,0,44,46,0,57,19,18,75,33,15,14,13,43,1,45,49,9,0,81,71,72,83,7,8,8,17,43,86,94,51,13,0,84,67,68,85,21,29,34,21,43,4,46,42,18,0,86,65,66,87,33,13,0,5,43,90,78,85,84,0,88,89,90,91,25,36,2,9,43,93,95,50,38,0,69,36,39,70,26,26,28,35,43,32,44,48,36,0,17,18,21,73,14,14,14,14,43,60,61,62,63,0,92,93,94,95,15,7,9,12,43,64,65,66,67,0,96,97,98,99,15,7,9,12,43,50,53,52,38,0,100,101,102,103,28,19,17,35,43,52,54,31,23,0,102,104,105,106,17,16,23,25,43,55,51,39,54,0,107,108,109,104,18,34,31,16,43,53,55,54,52,0,101,107,104,102,19,18,16,17,43,68,69,70,71,0,110,111,112,113,15,7,9,12,43,56,57,58,59,0,114,115,116,117,15,7,9,12,43,52,57,56,38,0,118,119,120,121,17,7,15,35,43,23,58,57,52,0,122,123,124,125,25,9,7,17,43,15,59,58,23,0,126,127,123,122,24,12,9,25,43,38,56,59,15,0,121,120,127,126,35,15,12,24,43,39,61,60,54,0,128,129,130,131,31,7,15,16,43,14,62,61,39,0,132,133,129,128,30,9,7,31,43,31,63,62,14,0,134,135,133,132,23,12,9,30,43,54,60,63,31,0,136,137,135,134,16,15,12,23,43,13,65,64,27,0,138,139,140,141,21,7,15,22,43,51,66,65,13,0,142,143,139,138,34,9,7,21,43,55,67,66,51,0,144,145,143,142,18,12,9,34,43,27,64,67,55,0,141,140,146,147,22,15,12,18,43,22,69,68,12,0,148,149,150,151,32,7,15,27,43,53,70,69,22,0,152,153,149,148,19,9,7,32,43,50,71,70,53,0,154,155,156,157,28,12,9,19,43,12,68,71,50,0,151,150,155,154,27,15,12,28,43,42,43,25,18,0,66,77,79,87,0,0,5,5,43,42,40,41,43,0,66,62,0,77,0,0,0,0,43,77,79,91,89,0,47,46,28,48,20,20,20,20,43,21,76,78,30,0,158,159,160,161,10,37,36,10,43,36,48,83,81,0,162,163,164,165,14,14,26,26,43,9,49,82,73,0,166,167,168,169,17,8,29,21,43,11,36,81,75,0,170,162,165,171,18,14,26,24,43,49,37,80,82,0,167,172,173,168,8,8,29,29,43,10,30,78,74,0,174,161,160,175,19,10,36,30,43,8,20,77,72,0,176,44,47,177,16,4,20,27,43,78,76,97,85,0,89,178,179,90,36,37,11,2,43,37,10,74,80,0,172,174,175,173,8,19,30,29,43,48,8,72,83,0,163,176,177,164,14,16,27,26,43,21,11,75,76,0,158,170,171,159,10,18,24,37,43,26,9,73,79,0,45,180,181,46,4,17,21,20,43,88,90,84,96,0,182,183,184,185,23,25,9,12,43,81,83,95,93,0,165,164,36,69,26,26,26,26,43,73,82,94,86,0,169,168,67,84,21,29,29,21,43,75,81,93,87,0,171,165,69,33,24,26,26,24,43,82,80,92,94,0,168,173,40,67,29,29,29,29,43,74,78,90,99,0,175,160,50,41,30,36,25,30,43,72,77,89,98,0,177,47,48,37,27,20,20,27,43,85,97,96,84,0,160,159,32,50,2,11,12,9,43,80,74,99,92,0,173,175,41,40,29,30,30,29,43,83,72,98,95,0,164,177,37,36,26,27,27,26,43,76,75,87,88,0,159,171,33,32,37,24,24,23,43,79,73,86,91,0,46,181,29,28,20,21,21,20,43,76,88,96,97,0,178,182,185,179,37,23,12,11,43,22,27,55,53,0,186,187,107,101,32,22,18,19],
    "normals": [0,1,0,0,0.707083,0.707083,0.577349,0.577349,0.577349,0.707083,0.707083,0,0,-0.707083,-0.707083,0,0.707083,-0.707083,0.577349,0.577349,-0.577319,0.577349,-0.577349,-0.577349,0.707083,-0.707083,0,0.577349,-0.577349,0.577349,0,-0.707083,0.707083,-0.577349,0.577349,0.577349,-0.577349,-0.577349,0.577349,-0.707083,0.707083,0,-0.707083,-0.707083,0,-0.577349,-0.577349,-0.577349,-0.301492,-0.904508,-0.301492,0.301492,-0.904508,-0.301492,-0.301492,-0.904508,0.301492,0.301492,-0.904508,0.301492,0,0,-1,0.707083,0,-0.707083,-0.301492,-0.301492,-0.904508,-0.301492,-0.301492,0.904508,-0.707083,0,0.707083,0.301492,-0.301492,0.904508,-1,0,0,-0.707083,0,-0.707083,-0.904508,-0.301492,0.301492,1,0,0,0.707083,0,0.707083,0.904508,-0.301492,-0.301492,0.301492,-0.301492,-0.904508,-0.577349,0.577349,-0.577349,0.904508,-0.301492,0.301492,-0.904508,-0.301492,-0.301492,0.301492,0.301492,0.904508,-0.301492,0.301492,0.904508],
    "name": "CubeGeometry",
    "metadata": {
        "generator": "io_three",
        "version": 3,
        "faces": 98,
        "vertices": 100,
        "type": "Geometry",
        "normals": 38,
        "materials": 1,
        "uvs": 1
    },
    "vertices": [-2,3.8,-2,2,3.8,-2,2,3.8,2,-2,3.8,2,-2,4,-2,2,4,-2,2,4,2,-2,4,2,-1.8,3.8,-1.8,1.8,3.8,-1.8,1.8,3.8,1.8,-1.8,3.8,1.8,-1.8,2.8,-1.8,1.8,2.8,-1.8,1.8,2.8,1.8,-1.8,2.8,1.8,-1.4,3.8,-2,-1.4,3.8,2,-1.4,4,-2,-1.4,4,2,-1.4,3.8,-1.8,-1.4,3.8,1.8,-1.4,2.8,-1.8,-1.4,2.8,1.8,1.4,3.8,-2,1.4,4,-2,1.4,3.8,-1.8,1.4,2.8,-1.8,1.4,3.8,2,1.4,4,2,1.4,3.8,1.8,1.4,2.8,1.8,-2,3.8,1.4,2,3.8,1.4,-2,4,1.4,2,4,1.4,-1.8,3.8,1.4,1.8,3.8,1.4,-1.8,2.8,1.4,1.8,2.8,1.4,-1.4,4,1.4,1.4,4,1.4,-1.4,4,-1.4,1.4,4,-1.4,-2,3.8,-1.4,2,3.8,-1.4,-2,4,-1.4,2,4,-1.4,-1.8,3.8,-1.4,1.8,3.8,-1.4,-1.8,2.8,-1.4,1.8,2.8,-1.4,-1.4,2.8,1.4,-1.4,2.8,-1.4,1.4,2.8,1.4,1.4,2.8,-1.4,-1.8,6.11959e-08,1.4,-1.4,6.11959e-08,1.4,-1.4,7.86804e-08,1.8,-1.8,7.86804e-08,1.8,1.4,-4.15641e-07,1.4,1.8,6.11959e-08,1.4,1.8,7.86805e-08,1.8,1.4,7.86805e-08,1.8,1.4,-7.86805e-08,-1.8,1.8,-7.86805e-08,-1.8,1.8,-6.11959e-08,-1.4,1.4,-6.11959e-08,-1.4,-1.8,-7.86805e-08,-1.8,-1.4,-7.86805e-08,-1.8,-1.4,-6.11959e-08,-1.4,-1.8,-6.11959e-08,-1.4,-1.8,3.7,-1.8,1.8,3.7,-1.8,1.8,3.7,1.8,-1.8,3.7,1.8,-1.4,3.7,1.8,-1.4,3.7,-1.8,1.4,3.7,1.8,1.4,3.7,-1.8,1.8,3.7,1.4,-1.8,3.7,1.4,1.8,3.7,-1.4,-1.8,3.7,-1.4,1.4,2.9,2,1.4,3.7,2,1.8,2.9,-1.8,-1.8,2.9,1.8,-1.4,2.9,1.8,-1.4,2.9,-1.8,1.4,2.9,1.8,1.4,2.9,-1.8,1.8,2.9,1.4,-1.8,2.9,1.4,1.8,2.9,-1.4,-1.8,2.9,-1.4,-1.4,2.9,2,-1.4,3.7,2,-1.8,2.9,-1.8,1.8,2.9,1.8],