{
    "metadata": {
        "uvs": 1,
        "type": "Geometry",
        "generator": "io_three",
        "materials": 1,
        "faces": 102,
        "normals": 44,
        "version": 3,
        "vertices": 104
    },
    "uvs": [[0.0213065,0.0956703,0.0515966,0.0956705,0.0515967,0.126063,0.0213066,0.126063,0.0515956,0.470516,0.0213054,0.470516,0.072345,0.040831,0.072345,0.0560612,0.026655,0.0560614,0.0266546,0.0408314,0.894766,0.0101959,0.940456,0.0101959,0.940456,0.0254259,0.894766,0.0254259,0.072345,0.0561472,0.072345,0.0713773,0.0266546,0.0713773,0.0266546,0.0561472,0.40412,0.962054,0.435192,0.961672,0.425125,0.97216,0.404049,0.972207,0.614613,0.909919,0.645006,0.909919,0.634875,0.920051,0.614613,0.920051,0.466688,0.967055,0.43565,0.967387,0.445712,0.956931,0.466767,0.956903,0.0721903,0.0255119,0.0721902,0.0407419,0.0266546,0.040742,0.0266548,0.0255119,0.598773,0.470517,0.629166,0.470517,0.629166,0.50091,0.598773,0.50091,0.598773,0.126064,0.629166,0.126064,0.0515955,0.500909,0.0213053,0.500909,0.0371473,0.909923,0.0674379,0.909923,0.0676439,0.920054,0.0472784,0.920054,0.0676422,0.930644,0.0472778,0.930644,0.0472778,0.925579,0.0676422,0.925579,0.802603,0.96715,0.802505,0.957002,0.0371473,0.961671,0.0682264,0.961898,0.0683225,0.972046,0.0472591,0.972112,0.590165,0.0561472,0.590165,0.0713772,0.590165,0.0408279,0.590165,0.056058,0.0314355,0.874785,0.0314358,0.530332,0.0518009,0.530332,0.0518009,0.874785,0.331004,0.930643,0.331004,0.925577,0.635855,0.0408277,0.635855,0.0560577,0.635855,0.0561472,0.635855,0.0713772,0.833683,0.96737,0.823569,0.956931,0.598773,0.095671,0.629166,0.0956711,0.727685,0.771611,0.747947,0.771611,0.747947,0.791873,0.727685,0.791873,0.727228,0.79233,0.727228,0.812592,0.706966,0.812592,0.706966,0.79233,0.727499,0.749421,0.727499,0.769683,0.707237,0.769683,0.707237,0.749421,0.727228,0.771611,0.727228,0.791873,0.706966,0.791873,0.706966,0.771611,0.780728,0.513672,0.780831,0.701095,0.760569,0.701106,0.760466,0.513683,0.719942,0.701106,0.699577,0.701106,0.69968,0.513683,0.719942,0.513683,0.740204,0.513683,0.740204,0.701106,0.404036,0.97775,0.0683259,0.977579,0.8025,0.951469,0.823621,0.951637,0.0472057,0.977406,0.466782,0.951363,0.598771,0.874785,0.598771,0.530331,0.619033,0.530331,0.619034,0.874785,0.31517,0.895047,0.0518009,0.895047,0.31517,0.874785,0.445641,0.951645,0.425201,0.977451,0.634875,0.925116,0.614613,0.925116,0.33087,0.940774,0.0674363,0.940775,0.0266546,0.0101961,0.0721902,0.010196,0.0721902,0.0254261,0.0266546,0.0254261,0.0371474,0.940775,0.0676439,0.92512,0.0472784,0.92512,0.468227,0.0255119,0.468226,0.0407419,0.940457,0.0255119,0.940457,0.0407418,0.894766,0.0407418,0.894766,0.0255119,0.645003,0.940774,0.614609,0.940774,0.614609,0.930643,0.634872,0.930643,0.351245,0.920051,0.351245,0.925116,0.335405,0.874785,0.335404,0.530332,0.335328,0.0956713,0.335328,0.126064,0.614609,0.925577,0.634872,0.925577,0.335328,0.470516,0.335328,0.50091,0.351167,0.90992,0.335404,0.51007,0.598771,0.510069,0.498729,0.0101959,0.498729,0.0254259,0.740042,0.137448,0.740066,0.324872,0.7197,0.324874,0.71978,0.137451,0.760304,0.137446,0.760328,0.324869,0.780566,0.137443,0.780692,0.324867,0.699438,0.324866,0.699519,0.137442,0.842074,0.513672,0.842074,0.701095,0.821812,0.701095,0.821812,0.513672,0.862336,0.701095,0.862336,0.513672,0.80155,0.701095,0.80155,0.513672,0.781288,0.513672,0.781288,0.701095,0.739962,0.325331,0.739963,0.512755,0.7197,0.512755,0.7197,0.325331,0.760224,0.325331,0.760225,0.512755,0.780486,0.325331,0.780487,0.512755,0.699438,0.325331,0.699438,0.512755,0.468226,0.0101959,0.468226,0.025426,0.861936,0.512755,0.841674,0.512755,0.841674,0.325331,0.861936,0.325331,0.330877,0.90992,0.331011,0.920051,0.315038,0.470516,0.315038,0.50091,0.315038,0.126064,0.315038,0.0956712,0.31517,0.530332,0.331011,0.925117,0.498729,0.0407419,0.498729,0.0255119,0.351161,0.940774,0.351238,0.930642,0.598772,0.895047,0.335405,0.895047,0.351238,0.925577,0.0518009,0.51007,0.31517,0.51007,0.821645,0.324865,0.801411,0.324865,0.801411,0.137442,0.821645,0.137442,0.748218,0.749421,0.748218,0.769655,0.727956,0.769655,0.727956,0.749421,0.801178,0.512755,0.780944,0.512755,0.780944,0.325331,0.801178,0.325331,0.82144,0.512755,0.82144,0.325331,0.727685,0.812564,0.727685,0.79233,0.747947,0.79233,0.747947,0.812564,0.841907,0.324865,0.841907,0.137442,0.862141,0.324865,0.862141,0.137442,0.781149,0.324865,0.78115,0.137442]],
    "name": "CubeGeometry",