{
    "metadata":{
        "materials":1,
        "normals":47,
        "uvs":1,
        "generator":"io_three",
        "vertices":81,
        "type":"Geometry",
        "version":3,
        "faces":60
    },
    "vertices":[-5.8,3,-3.2,5.8,3,-3.2,5.8,3,3.2,-5.8,3,3.2,-5.4,3,-3.2,-5.4,3,3.2,5.4,3,-3.2,5.4,3,3.2,-5.8,3,2.8,5.8,3,2.8,-5.8,3,-2.8,5.8,3,-2.8,-5.4,3,2.8,-5.4,3,-2.8,5.4,3,2.8,5.4,3,-2.8,-5.8,3.18252e-09,2.8,-5.4,3.18252e-09,2.8,-5.4,2.06671e-08,3.2,-5.8,2.06671e-08,3.2,5.4,-4.73655e-07,2.8,5.8,3.18256e-09,2.8,5.8,2.06671e-08,3.2,5.4,2.06671e-08,3.2,5.4,-2.59086e-07,-3.2,5.8,-2.59086e-07,-3.2,5.8,-2.41601e-07,-2.8,5.4,-2.41601e-07,-2.8,-5.8,-2.59086e-07,-3.2,-5.4,-2.59086e-07,-3.2,-5.4,-2.41601e-07,-2.8,-5.8,-2.41601e-07,-2.8,-6,2.70158,3.38653,-6,3.10158,3.38653,-6,2.70158,-3.38653,-6,3.10158,-3.38653,6,2.70158,3.38653,6,3.10158,3.38653,6,2.70158,-3.38653,6,3.10158,-3.38653,-6,3.02637,3.38653,-6,5.53015,3.38653,-6,3.02637,-3.38653,-6,5.53015,-3.38653,-5.6,3.02635,3.38653,-5.6,5.53013,3.38653,-5.6,3.02635,-3.38653,-5.6,5.53013,-3.38653,5.6,3.07785,3.38653,5.6,4.27712,3.38653,5.6,3.07785,-3.38653,5.6,4.27712,-3.38653,6,3.07784,3.38653,6,4.27711,3.38653,6,3.07784,-3.38653,6,4.27711,-3.38653,-3.51634,4.26191,-0.170605,-4.87995,3.85671,-0.170605,-5.39939,2.73808,0.015043,-3.13414,4.26191,-1.76694,-4.54086,3.85671,-2.11114,-5.02256,2.73808,-2.14143,-0.962079,4.26191,-1.8667,-0.962079,3.85671,-2.91494,-1.04555,2.73808,-3.03467,2.7106,4.12203,-1.36992,4.45362,3.85671,-2.11114,4.97277,2.73808,-2.14143,3.04998,4.12203,-0.170605,4.67051,3.85671,-0.170605,5.25503,2.73808,0.015043,3.21417,4.12203,1.02871,4.29549,3.85671,2.02696,4.79705,2.73808,2.45714,-0.962079,4.26191,0.894172,-0.962079,3.85671,1.94241,-1.04555,2.73808,2.36319,-0.962079,4.21126,-0.170604,-3.27039,4.26191,1.02871,-4.1404,3.85671,2.11612,-4.57754,2.73808,2.55622],
  "materials": [
    {
      "depthWrite": true,
      "colorEmissive": [ 0, 0, 0 ],
      "DbgIndex": 0,
      "visible": true,
      "mapDiffuseAnisotropy": 1,
      "transparent": false,
      "shading": "phong",
      "colorDiffuse": [ 0.8, 0.8, 0.8 ],
      "DbgName": "TableWoodMat.001",
      "blending": "NormalBlending",
      "wireframe": false,
      "mapDiffuseWrap": [ "RepeatWrapping", "RepeatWrapping" ],
      "opacity": 1,
      "mapDiffuse": "bed_simple_3_2.tex.png",
      "mapDiffuseRepeat": [ 1, 1 ],
      "DbgColor": 15658734,
      "depthTest": true
    }
  ],
    "name":"CubeGeometry",
    "normals":[-0.577349,-0.577349,-0.577349,0.577349,-0.577349,-0.577349,0.577349,-0.577349,0.577349,-0.577349,-0.577349,0.577349,-0.577349,0.577349,0.577349,-0.577349,0.577349,-0.577349,0.577349,0.577349,0.577349,0.577349,0.577349,-0.577349,0.707083,0,-0.707083,-0.707083,0,-0.707083,0.707083,0,0.707083,-0.707083,0,0.707083,-0.577319,0.577349,0.577319,-0.577319,0.577349,-0.577319,-0.707083,0,-0.707114,-0.707083,0,0.707114,0.577349,0.577319,0.577349,0.707114,0,0.707083,0.577349,0.577319,-0.577349,0.707114,0,-0.707083,-0.577319,0.577349,0.577349,-0.577319,0.577349,-0.577349,-0.899197,0.430494,0.0780663,-0.685232,0.727592,0.0325633,-0.5215,0.63625,-0.568499,-0.731712,0.331217,-0.595691,-0.157353,0.987487,0.00830103,-0.100345,0.971221,-0.215949,0.00561541,0.982391,-0.186651,-0.0200507,0.575365,-0.817621,-0.0445265,0.109592,-0.99295,0.0731529,0.988464,-0.132572,0.47261,0.662496,-0.581103,0.722648,0.36259,-0.588427,0.0980255,0.995148,-0.00726341,0.618305,0.785913,0.00369274,0.889615,0.455245,0.0356761,0.0827662,0.988922,0.123051,0.401379,0.739433,0.540452,0.562883,0.511887,0.648915,0.0150761,0.989929,0.140721,0.0166021,0.71749,0.696341,0.0196539,0.350688,0.936247,-0.0998566,0.981567,0.162847,-0.376751,0.710746,0.594012,-0.515458,0.480544,0.709464,0.0193182,0.999756,-0.00787378],
    "faces":[43,20,21,22,23,0,0,1,2,3,0,1,2,3,43,24,25,26,27,0,4,5,6,7,0,1,2,3,43,32,34,38,36,0,8,9,10,11,3,0,1,2,43,33,35,34,32,0,12,13,14,15,4,5,0,3,43,37,33,32,36,0,16,12,17,18,6,4,3,2,43,39,37,36,38,0,19,16,20,21,7,6,2,1,43,28,29,30,31,0,22,23,24,25,0,1,2,3,43,16,17,18,19,0,26,27,28,29,0,1,2,3,43,12,17,16,8,0,30,31,32,33,8,1,0,9,43,5,18,17,12,0,34,35,36,37,10,2,1,8,43,3,19,18,5,0,38,39,35,34,11,3,2,10,43,8,16,19,3,0,33,32,39,38,9,0,3,11,43,9,21,20,14,0,40,41,42,43,8,1,0,9,43,2,22,21,9,0,44,45,41,40,10,2,1,8,43,7,23,22,2,0,46,47,45,44,11,3,2,10,43,14,20,23,7,0,48,49,47,46,9,0,3,11,43,1,25,24,6,0,50,51,52,53,8,1,0,9,43,11,26,25,1,0,54,55,51,50,10,2,1,8,43,15,27,26,11,0,56,57,55,54,11,3,2,10,43,6,24,27,15,0,53,52,58,59,9,0,3,11,43,28,0,4,29,0,62,63,60,61,0,9,8,1,43,13,30,29,4,0,64,65,61,60,10,2,1,8,43,10,31,30,13,0,66,67,68,69,11,3,2,10,43,0,28,31,10,0,63,62,67,66,9,0,3,11,43,35,39,38,34,0,13,19,70,71,5,7,1,0,43,37,39,35,33,0,16,19,13,12,6,7,5,4,43,41,43,42,40,0,72,73,74,75,12,13,14,15,43,45,41,40,44,0,76,72,77,78,16,12,15,17,43,47,45,44,46,0,79,76,80,81,18,16,17,19,43,43,47,46,42,0,73,79,82,83,13,18,19,14,43,45,47,43,41,0,76,79,73,72,16,18,13,12,43,49,51,50,48,0,84,85,86,87,20,21,9,11,43,53,49,48,52,0,88,84,89,90,16,20,11,10,43,55,53,52,54,0,91,88,92,93,18,16,10,8,43,51,55,54,50,0,85,91,94,95,21,18,8,9,43,53,55,51,49,0,88,91,85,84,16,18,21,20,43,58,57,60,61,0,96,97,98,99,22,23,24,25,43,57,56,59,60,0,97,100,101,98,23,26,27,24,43,60,59,62,63,0,98,101,102,103,24,27,28,29,43,61,60,63,64,0,99,98,103,104,25,24,29,30,43,63,62,65,66,0,103,102,105,106,29,28,31,32,43,64,63,66,67,0,104,103,106,107,30,29,32,33,43,66,65,68,69,0,106,105,108,109,32,31,34,35,43,67,66,69,70,0,107,106,109,110,33,32,35,36,43,69,68,71,72,0,109,108,111,112,35,34,37,38,43,70,69,72,73,0,110,109,112,113,36,35,38,39,43,72,71,74,75,0,112,111,114,115,38,37,40,41,43,73,72,75,76,0,113,112,115,116,39,38,41,42,43,75,74,78,79,0,115,114,117,118,41,40,43,44,43,76,75,79,80,0,116,115,118,119,42,41,44,45,42,56,77,59,0,100,120,101,26,46,27,42,59,77,62,0,101,120,102,27,46,28,42,62,77,65,0,102,120,105,28,46,31,42,65,77,68,0,105,120,108,31,46,34,42,68,77,71,0,108,120,111,34,46,37,42,71,77,74,0,111,120,114,37,46,40,42,74,77,78,0,114,120,117,40,46,43,43,79,78,56,57,0,118,117,100,97,44,43,26,23,43,80,79,57,58,0,119,118,97,96,45,44,23,22,42,78,77,56,0,117,120,100,43,46,26],