{
    "normals":[0.701315,-0.127506,0.701315,-0.665334,-0.00735496,0.746483,-0.611133,-0.574267,0.544694,0.552141,-0.624683,0.552141,0.605304,0.57271,0.552782,0.548235,0.582263,-0.60033,-0.548235,0.582263,-0.60033,-0.605304,0.57271,0.552782,-0.605304,-0.57271,0.552782,-0.548235,-0.582263,-0.60033,0.548235,-0.582263,-0.60033,0.605304,-0.57271,0.552782,0.665334,-0.00735496,0.746483,-0.701315,-0.127506,0.701315,-0.552141,-0.624683,0.552141,0.611133,-0.574267,0.544694,0.746483,-0.00735496,0.665334,-0.701315,0.127506,0.701315,-0.599689,-0.529832,0.599689,0.544694,-0.574267,0.611133,0.752922,0.207038,0.624653,0.729484,0.0978118,-0.676931,0.418287,0.676809,-0.605701,0.418287,0.676809,0.605701,0.746483,-0.00735496,-0.665334,0.544694,-0.574267,-0.611133,0.65627,0.091586,0.748894,0.726646,-0.151128,-0.670125,0.552141,-0.624683,-0.552141,-0.611133,-0.574267,-0.544694,-0.599689,-0.529832,-0.599689,0.599689,-0.529832,-0.599689,-0.544694,-0.574267,-0.611133,0.611133,-0.574267,-0.544694,0.599689,-0.529832,0.599689,-0.544694,-0.574267,0.611133,-0.552141,-0.624683,-0.552141,0.701315,0.127506,-0.701315,-0.665334,-0.00735496,-0.746483,0.701315,-0.127506,-0.701315,-0.701315,0.127506,-0.701315,-0.701315,-0.127506,-0.701315,0.665334,-0.00735496,-0.746483,-0.746483,-0.00735496,-0.665334,-0.746483,-0.00735496,0.665334,0.701315,0.127506,0.701315,-0.752922,0.207038,0.624653,-0.418287,0.676809,0.605701,-0.418287,0.676809,-0.605701,-0.729484,0.0977813,-0.676931,-0.65627,0.091586,0.748894,-0.726646,-0.151128,-0.670156],
    "uvs":[[0.436676,0.986118,0.398882,0.986118,0.398882,0.705548,0.436676,0.705548,0.367771,0.0629359,0.342472,0.341223,0.0894835,0.341223,0.0641847,0.0629358,0.0641845,0.670108,0.0894835,0.391821,0.342472,0.391821,0.367771,0.670108,0.0641848,0.0123381,0.367771,0.0123383,0.496163,0.986118,0.458369,0.986118,0.458369,0.705548,0.496163,0.705548,0.418161,0.0675169,0.392862,0.345804,0.755131,0.986118,0.717376,0.986118,0.720392,0.705548,0.758147,0.705548,0.468832,0.256062,0.423576,0.278691,0.448875,0.329289,0.494132,0.30666,0.0390936,0.345804,0.013795,0.0675166,0.323294,0.986118,0.2855,0.986118,0.2855,0.705548,0.323294,0.705548,0.481482,0.0123381,0.431216,0.018134,0.418567,0.261858,0.644735,0.705548,0.644744,0.668839,0.682572,0.668839,0.682563,0.705548,0.437073,0.668839,0.39928,0.668839,0.495765,0.668839,0.457971,0.668839,0.909688,0.705548,0.91071,0.668839,0.947303,0.668839,0.947482,0.705548,0.533957,0.986118,0.533957,0.705548,0.679547,0.986118,0.641719,0.986118,0.361088,0.986118,0.361088,0.705548,0.947482,0.986118,0.909688,0.986118,0.57175,0.986118,0.57175,0.705548,0.834101,0.986118,0.796307,0.986118,0.796307,0.705548,0.834101,0.705548,0.871895,0.986118,0.871895,0.705548,0.792885,0.986118,0.795901,0.705548,0.609544,0.986118,0.609545,0.705548,0.721821,0.256063,0.696522,0.30666,0.741778,0.329289,0.767077,0.278691,0.494131,0.357259,0.696522,0.357259,0.418567,0.601389,0.671555,0.601389,0.646256,0.651987,0.443866,0.651987,0.709172,0.0123383,0.431216,0.357665,0.658906,0.357665,0.772086,0.261859,0.759438,0.0181342]],
    "name":"CubeGeometry",
    "faces":[43,21,5,30,33,0,0,1,2,3,0,1,2,3,43,19,12,6,14,0,4,5,6,7,4,5,6,7,43,23,7,13,20,0,8,9,10,11,8,9,10,11,43,19,14,23,20,0,4,7,12,13,4,7,8,11,43,4,15,38,32,0,14,15,16,17,12,13,14,15,43,12,19,20,13,0,5,4,18,19,5,4,11,10,43,18,2,29,28,0,20,21,22,23,16,17,18,19,43,45,46,42,41,0,24,25,26,27,20,21,22,23,43,6,12,13,7,0,6,5,10,9,6,5,10,9,43,14,6,7,23,0,7,6,28,29,7,6,9,8,43,17,21,33,26,0,30,31,32,33,24,0,3,25,43,50,51,46,45,0,34,35,36,24,26,27,21,20,43,35,28,29,34,0,37,38,39,40,28,19,18,29,43,26,33,30,27,0,41,3,2,42,25,3,2,30,43,31,32,38,36,0,43,17,16,44,31,15,14,32,43,24,25,37,39,0,45,46,47,48,33,34,35,36,43,0,4,32,31,0,49,14,17,50,37,12,15,31,43,9,22,35,34,0,51,52,37,40,38,39,28,29,43,5,3,27,30,0,1,53,54,2,1,40,30,2,43,16,8,24,39,0,55,56,45,48,41,42,33,36,43,10,0,31,36,0,57,49,50,58,43,37,31,32,43,11,16,39,37,0,59,60,61,62,44,41,36,35,43,1,11,37,25,0,63,59,62,64,45,44,35,34,43,22,18,28,35,0,65,20,23,66,39,16,19,28,43,2,9,34,29,0,21,51,40,22,17,38,29,18,43,8,1,25,24,0,56,63,64,45,42,45,34,33,43,3,17,26,27,0,53,30,33,54,40,24,25,30,43,15,10,36,38,0,67,57,58,68,13,43,32,14,43,47,43,40,44,0,69,70,71,72,46,47,48,49,43,41,42,40,43,0,27,73,74,70,23,22,48,47,43,46,44,40,42,0,75,76,77,78,21,49,48,22,43,48,50,45,47,0,79,34,24,69,50,26,20,46,43,45,41,43,47,0,24,27,70,69,20,23,47,46,43,46,51,49,44,0,75,80,81,76,21,27,51,49,43,48,47,44,49,0,79,69,82,83,50,46,49,51],
    "vertices":[0.900002,2.2,-1,1,2.2,1,-1,2.2,1,-0.900002,2.2,-1,0.900002,2.2,-0.7,-0.900002,2.2,-0.7,-1,2.6,-1.1,-1,2.2,-1.1,1,2.2,0.7,-1,2.2,0.7,0.600001,2.2,-1,0.699998,2.2,1,1,2.6,-1.1,1,2.2,-1.1,-1.2,2.6,1.1,0.600001,2.2,-0.7,0.699999,2.2,0.7,-0.600001,2.2,-1,-0.699999,2.2,1,1.2,2.6,1.1,1.2,2.2,1.1,-0.600001,2.2,-0.7,-0.699999,2.2,0.7,-1.2,2.2,1.1,1.2,1.5855e-07,0.9,1.2,1.71663e-07,1.2,-0.800002,6.67555e-08,-1.2,-1.1,6.67555e-08,-1.2,-0.899999,1.71663e-07,1.2,-1.2,1.71663e-07,1.2,-1.1,7.9869e-08,-0.9,1.1,6.67555e-08,-1.2,1.1,7.98691e-08,-0.9,-0.800002,7.98691e-08,-0.9,-1.2,1.5855e-07,0.9,-0.899998,1.5855e-07,0.9,0.800001,6.67555e-08,-1.2,0.899999,1.71663e-07,1.2,0.800001,7.9869e-08,-0.9,0.899999,1.5855e-07,0.9,-0.799997,4.9,-1.40001,0.799997,4.9,-1,0.799998,4.9,-1.40001,-0.799997,4.9,-1,-0.999999,4.5,-1.40001,1,4.5,-1,1,4.5,-1.40001,-1,4.5,-1,-0.900003,2.6,-0.679959,-0.900002,2.6,-1.07997,0.900002,2.6,-0.679958,0.900003,2.6,-1.07996],
    "materials":[{
        "transparent":false,
        "colorDiffuse":[0.8,0.8,0.8],
        "wireframe":false,
        "blending":"NormalBlending",
        "colorEmissive":[0,0,0],
        "visible":true,
        "DbgName":"ChairMat",
        "DbgColor":15658734,
        "shading":"phong",
        "mapDiffuseWrap":["RepeatWrapping","RepeatWrapping"],
        "mapDiffuseRepeat":[1,1],
        "mapDiffuse":"chair_wood_1_1.tex.png",
        "depthWrite":true,
        "opacity":1,
        "mapDiffuseAnisotropy":1,
        "DbgIndex":0,
        "depthTest":true
    }],
    "metadata":{
        "uvs":1,
        "faces":35,
        "vertices":52,
        "materials":1,
        "normals":52,
        "type":"Geometry",
        "version":3,
        "generator":"io_three"
    }
}