{
    "normals":[0.577349,-0.577349,-0.577349,0.577349,-0.577349,0.577349,-0.577349,-0.577349,0.577349,-0.577349,-0.577349,-0.577349,0.577349,0.577349,-0.577349,-0.577349,0.577349,-0.577349,-0.577349,0.577349,0.577349,0.577349,0.577349,0.577349,0.301492,-0.301492,0.904508,-0.301492,-0.301492,0.904508,0.301492,0.301492,0.904508,-0.301492,0.301492,0.904508],
    "name":"CubeGeometry",
    "faces":[43,0,1,2,3,0,0,1,2,3,0,1,2,3,43,4,7,6,5,0,4,5,6,7,4,5,6,7,43,0,4,5,1,0,0,4,8,9,0,4,7,1,43,5,6,11,10,0,7,6,10,11,7,6,8,9,43,2,6,7,3,0,12,13,5,3,2,6,5,3,43,4,0,3,7,0,4,0,3,5,4,0,3,5,43,10,11,15,14,0,14,15,16,17,9,8,1,2,43,6,2,9,11,0,13,12,18,19,6,2,10,8,43,1,5,10,8,0,9,8,20,21,1,7,9,11,43,2,1,8,9,0,2,1,22,23,2,1,11,10,43,12,14,15,13,0,24,17,16,25,6,2,1,7,43,8,10,14,12,0,26,27,17,24,11,9,2,6,43,11,9,13,15,0,28,29,25,16,8,10,7,1,43,9,8,12,13,0,30,31,24,25,10,11,6,7,43,17,19,18,16,0,32,33,34,35,6,5,3,2,43,19,23,22,18,0,33,36,37,34,5,4,0,3,43,23,21,20,22,0,36,38,39,37,4,7,1,0,43,21,17,16,20,0,40,41,42,43,7,6,2,1,43,16,18,22,20,0,44,34,37,45,2,3,0,1,43,21,23,19,17,0,46,36,33,47,7,4,5,6],
    "skinWeights":[1,0,1,0,1,0,1,0,1,0,1,0,1,0,1,0,1,0,1,0,1,0,1,0,1,0,1,0,1,0,1,0,1,0,1,0,1,0,1,0,1,0,1,0,1,0,1,0],
    "bones":[{
        "parent":-1,
        "pos":[0,0,-0],
        "rotq":[0,0,0,1],
        "name":"Bone.Basic"
    },{
        "parent":0,
        "pos":[1.83225,2.01428,1.5568],
        "rotq":[0,0,0,1],
        "name":"Bone.Door"
    }],
    "influencesPerVertex":2,
    "skinIndices":[0,0,0,0,0,0,0,0,0,0,0,0,0,0,0,0,0,0,0,0,0,0,0,0,0,0,0,0,0,0,0,0,1,0,1,0,1,0,1,0,1,0,1,0,1,0,1,0],
    "uvs":[[0.592235,0.427772,0.592235,0.610967,0.382869,0.610967,0.38287,0.427772,0.592235,0.218407,0.38287,0.218407,0.38287,0.035212,0.592235,0.035212,0.77543,0.218407,0.775429,0.427772,0.393338,0.014275,0.581767,0.014276,0.199675,0.427772,0.199675,0.218406,0.364095,0.975699,0.175666,0.9757,0.175666,0.813442,0.364095,0.813441,0.189207,0.406835,0.189207,0.239343,0.785898,0.239344,0.785898,0.406835,0.581766,0.631903,0.393338,0.631903,0.364095,0.645949,0.175666,0.645949,0.526353,0.645949,0.526353,0.813441,0.013408,0.813442,0.013408,0.645949,0.175666,0.483691,0.364094,0.483691,0.684626,0.504505,0.700328,0.504505,0.700328,0.703402,0.684626,0.703402,0.899225,0.504505,0.899225,0.703402,0.914927,0.504505,0.914927,0.703402,0.889382,0.963231,0.690485,0.963231,0.690485,0.764334,0.889382,0.764334,0.700328,0.719104,0.899225,0.719104,0.899225,0.488803,0.700328,0.488803]],
    "metadata":{
        "normals":12,
        "generator":"io_three",
        "version":3,
        "type":"Geometry",
        "faces":20,
        "bones":2,
        "uvs":1,
        "vertices":24,
        "materials":1
    },
    "vertices":[2,-0,-2,2,0,1.5,-2,0,1.5,-2,-0,-2,2,4,-2,2,4,1.5,-2,4,1.5,-2,4,-2,1.8,0.4,1.5,-1.8,0.4,1.5,1.8,3.6,1.5,-1.8,3.6,1.5,1.8,0.4,-1.6,-1.8,0.4,-1.6,1.8,3.6,-1.6,-1.8,3.6,-1.6,-1.9,0.1,1.6,-1.9,3.9,1.6,-1.9,0.1,1.3,-1.9,3.9,1.3,1.9,0.1,1.6,1.9,3.9,1.6,1.9,0.1,1.3,1.9,3.9,1.3],
    "materials":[{
        "wireframe":false,
        "blending":"NormalBlending",
        "DbgName":"BoxMat",
        "colorDiffuse":[0.64,0.64,0.64],
        "opacity":1,
        "depthWrite":true,
        "mapDiffuseAnisotropy":1,
        "depthTest":true,
        "colorEmissive":[0,0,0],
        "DbgIndex":0,
        "visible":true,
        "transparent":false,
        "mapDiffuseRepeat":[1,1],
        "DbgColor":15658734,
        "mapDiffuse":"cabinet_wood_1_1.tex.dds",
        "mapDiffuseWrap":["RepeatWrapping","RepeatWrapping"],
        "shading":"phong"
    }]
}