{
    "normals":[-0.577349,0.577349,0.577349,-0.577349,0.577349,-0.577349,-0.577349,-0.577349,-0.577349,-0.577349,-0.577349,0.577349,0.577349,0.577349,-0.577349,0.577349,0.577349,0.577349,0.707083,0,-0.707083,0.707083,0,0.707083,-0.707083,0,0.707083,-0.707083,0,-0.707083,-0.61504,0.788476,0,-0.607532,0.408887,-0.680929,-0.567095,0,-0.823634,-1,0,0,0.607532,0.408887,-0.680929,0.567095,0,-0.823634,0.61504,0.788476,0,1,0,0,-0.607532,0.408887,0.680929,0.607532,0.408887,0.680929,0.577349,-0.577349,0.577349,0.577349,-0.577349,-0.577349,-0.567095,0,0.823634,0.567095,0,0.823634],
    "faces":[43,21,23,22,20,0,0,1,2,3,0,1,2,3,43,4,7,6,5,0,4,5,6,7,4,1,0,5,43,0,4,5,1,0,8,9,10,11,6,4,5,7,43,1,5,6,2,0,12,13,14,15,7,5,0,8,43,2,6,7,3,0,15,14,16,17,8,0,1,9,43,4,0,3,7,0,9,8,18,19,4,6,9,1,43,9,11,10,8,0,20,21,22,23,10,11,12,13,43,11,15,14,10,0,21,24,25,26,11,14,15,12,43,15,13,12,14,0,24,27,28,29,14,16,17,15,43,13,9,17,18,0,27,20,30,31,16,10,18,19,43,27,25,24,26,0,32,33,34,35,4,5,20,21,43,13,15,11,9,0,27,24,21,20,16,14,11,10,43,18,17,16,19,0,31,30,36,37,19,18,22,23,43,12,13,18,19,0,38,27,31,39,17,16,19,23,43,9,8,16,17,0,20,40,41,30,10,13,22,18,43,23,27,26,22,0,42,43,44,45,1,4,21,2,43,25,21,20,24,0,46,47,48,49,5,0,3,20,43,20,22,26,24,0,50,45,44,51,3,2,21,20,43,25,27,23,21,0,46,43,42,47,5,4,1,0],
    "vertices":[1.8,-5.24537e-08,-1.2,1.8,5.24537e-08,1.2,-1.8,5.24537e-08,1.2,-1.8,-5.24537e-08,-1.2,1.8,3,-1.2,1.8,3,1.2,-1.8,3,1.2,-1.8,3,-1.2,-1.6,3.76195,-1.6444e-07,-1.6,3.94177,-1.723e-07,-1.6,2.91009,-1.6,-1.6,3.08991,-1.6,1.2,3.76195,-1.6444e-07,1.2,3.94177,-1.723e-07,1.2,2.91009,-1.6,1.2,3.08991,-1.6,-1.6,2.91009,1.6,-1.6,3.08991,1.6,1.2,3.08991,1.6,1.2,2.91009,1.6,-1.2,2.56801,-0.305657,-1.2,4.13522,-0.305658,-1.2,2.56801,-1.83134,-1.2,4.13522,-1.83134,0.6,2.56801,-0.305657,0.6,4.13522,-0.305658,0.6,2.56801,-1.83134,0.6,4.13522,-1.83134],
    "uvs":[[0.985204,0.34033,0.832769,0.34033,0.832769,0.183746,0.985204,0.183746,0.904063,0.95273,0.544378,0.952731,0.544378,0.672976,0.904062,0.672976,0.361872,0.303893,0.361872,0.004156,0.641627,0.00415599,0.641627,0.303893,0.641627,0.304331,0.641627,0.604068,0.281942,0.604068,0.281942,0.304331,0.00218736,0.604068,0.00218736,0.304331,0.00218746,0.303894,0.00218736,0.00415602,0.228572,0.952026,0.409678,0.952026,0.418121,0.967885,0.237016,0.967885,0.409678,0.672272,0.427644,0.672272,0.427644,0.952026,0.228572,0.672272,0.237016,0.656413,0.418121,0.656413,0.0474666,0.952026,0.0474666,0.672272,0.985204,0.183309,0.832769,0.183309,0.832769,0.0267251,0.985204,0.0267251,0.0295001,0.952026,0.0295001,0.672272,0.220129,0.656413,0.039023,0.656413,0.220129,0.967885,0.0390231,0.967885,0.647503,0.313519,0.827345,0.313519,0.827345,0.470103,0.647503,0.470103,0.827345,0.161084,0.647503,0.161084,0.647503,0.00450011,0.827345,0.00450011,0.647503,0.622538,0.827345,0.622538]],
    "metadata":{
        "version":3,
        "materials":1,
        "faces":19,
        "vertices":28,
        "normals":24,
        "generator":"io_three",
        "uvs":1,
        "type":"Geometry"
    },
    "name":"CubeGeometry.1",
    "materials":[{
        "depthWrite":true,
        "mapDiffuseAnisotropy":1,
        "blending":"NormalBlending",
        "opacity":1,
        "visible":true,
        "mapDiffuseWrap":["RepeatWrapping","RepeatWrapping"],
        "mapDiffuse":"generator_1.tex.png",
        "DbgColor":15658734,
        "DbgIndex":0,
        "DbgName":"Material",
        "shading":"phong",
        "colorEmissive":[0.05,0.02,0.02],
        "mapDiffuseRepeat":[1,1],
        "transparent":false,
        "depthTest":true,
        "colorDiffuse":[0.8,0.8,0.8],
        "wireframe":false
    }]
}