{
    "metadata": {
        "type": "Geometry",
        "vertices": 108,
        "faces": 84,
        "version": 3,
        "generator": "io_three",
        "uvs": 1,
        "materials": 1,
        "normals": 43
    },
    "vertices": [0.3,0,-0.316365,0.3,0,-0.116365,-0.3,0,-0.116365,-0.3,0,-0.316365,0.3,0.8,-0.316365,0.3,0.8,-0.116365,-0.3,0.8,-0.116365,-0.3,0.8,-0.316365,0.3,0,-0.296365,-0.3,0,-0.296365,0.3,0.8,-0.296365,-0.3,0.8,-0.296365,0.3,0,-0.136365,0.3,0.8,-0.136365,-0.3,0,-0.136365,-0.3,0.8,-0.136365,-0.28,0,-0.316365,-0.28,0,-0.116365,-0.28,0.8,-0.316365,-0.28,0.8,-0.116365,-0.28,0.8,-0.296365,-0.28,0,-0.296365,-0.28,0.8,-0.136365,-0.28,0,-0.136365,-0.29,0.02,-0.136365,-0.29,0.78,-0.136365,-0.29,0.02,-0.296365,-0.29,0.78,-0.296365,0.28,0.02,-0.136365,0.28,0.78,-0.136365,0.28,0.02,-0.296365,0.28,0.78,-0.296365,-0.29,0.78,-0.216365,-0.29,0.02,-0.216365,0.26253,0.78,-0.216365,0.26253,0.02,-0.216365,0.26502,0,-0.110592,0.26502,0,0.127762,-0.25737,0,0.127762,-0.25737,0,-0.110592,0.26502,0.742865,-0.110592,0.26502,0.742865,0.127762,-0.257371,0.742865,0.127762,-0.25737,0.742865,-0.110592,0.26502,0,-0.086756,-0.25737,0,-0.086756,0.26502,0.742865,-0.086756,-0.25737,0.742865,-0.086756,0.26502,0,0.103927,0.26502,0.742865,0.103927,-0.25737,0,0.103927,-0.257371,0.742865,0.103927,-0.23737,0,-0.110592,-0.23737,0,0.127762,-0.23737,0.742865,-0.110592,-0.237371,0.742865,0.127762,-0.23737,0.742865,-0.086756,-0.23737,0,-0.086756,-0.237371,0.742865,0.103927,-0.23737,0,0.103927,-0.24737,0.02,0.103927,-0.24737,0.722865,0.103927,-0.24737,0.02,-0.086756,-0.24737,0.722865,-0.086756,0.24502,0.02,0.103927,0.24502,0.722865,0.103927,0.24502,0.02,-0.086756,0.24502,0.722865,-0.086756,-0.24737,0.722865,0.008585,-0.24737,0.02,0.008585,0.227549,0.722865,0.008585,0.227549,0.02,0.008585,0.292152,0,0.133645,0.292152,0,0.260173,-0.333019,0,0.260173,-0.333018,0,0.133645,0.292152,0.783504,0.133645,0.292152,0.783504,0.260174,-0.333019,0.783504,0.260173,-0.333019,0.783504,0.133645,0.292152,0,0.146298,-0.333019,0,0.146298,0.292152,0.783504,0.146298,-0.333019,0.783504,0.146297,0.292152,0,0.247521,0.292152,0.783504,0.247521,-0.333019,0,0.247521,-0.333019,0.783504,0.247521,-0.313019,0,0.133645,-0.313019,0,0.260173,-0.313018,0.783504,0.133645,-0.313019,0.783504,0.260173,-0.313019,0.783504,0.146297,-0.313019,0,0.146298,-0.313019,0.783504,0.247521,-0.313019,0,0.247521,-0.323019,0.02,0.247521,-0.323019,0.763504,0.247521,-0.323019,0.02,0.146298,-0.323019,0.763504,0.146297,0.272152,0.02,0.247521,0.272152,0.763504,0.247521,0.272152,0.02,0.146298,0.272152,0.763504,0.146297,-0.323019,0.763504,0.196909,-0.323019,0.02,0.196909,0.254681,0.763504,0.196909,0.254681,0.02,0.196909],
    "uvs": [[0.350496,0.697917,0.342914,0.697917,0.342914,0.704875,0.350496,0.704875,0.350496,0.990152,0.350496,0.983194,0.342915,0.983194,0.342915,0.990152,0.577928,0.704875,0.570347,0.704875,0.570348,0.983194,0.577929,0.983194,0.23568,0.704876,0.228099,0.704876,0.2281,0.983195,0.235681,0.983195,0.220519,0.983195,0.220518,0.704876,0.335333,0.704875,0.335334,0.983194,0.000669,0.704876,-0.006913,0.704876,-0.006915,0.983194,0.000666,0.983194,0.220519,0.990153,0.2281,0.990153,0.228099,0.697917,0.220518,0.697917,0.525735,0.992077,0.313915,0.992077,0.313915,0.699912,0.525735,0.699912,0.235681,0.990153,0.335334,0.990152,0.23568,0.697917,0.335333,0.697917,0.255482,0.992077,0.255482,0.699912,0.043662,0.992077,0.043662,0.699912,0.000669,0.697918,0.000666,0.990152,0.570348,0.990152,0.570347,0.697917,0.912473,0.697711,0.832341,0.69332,0.832341,0.298322,0.912473,0.293713,0.912473,0.007397,0.992605,0.007351,0.992605,0.298105,0.992605,0.693103,0.992605,0.984416,0.912473,0.984026,0.832341,0.984072,0.832341,0.007007,0.36229,0.373581,0.354708,0.373581,0.354708,0.38054,0.36229,0.38054,0.36229,0.665817,0.36229,0.658859,0.354709,0.658859,0.354709,0.665817,0.589722,0.380539,0.582141,0.380539,0.582142,0.658858,0.589723,0.658858,0.247474,0.38054,0.239893,0.38054,0.239894,0.658859,0.247475,0.658859,0.232313,0.658859,0.232312,0.38054,0.347127,0.38054,0.347128,0.658859,0.012463,0.38054,0.004881,0.38054,0.004879,0.658858,0.01246,0.658858,0.232313,0.665817,0.239894,0.665817,0.239893,0.373582,0.232312,0.373582,0.537529,0.667742,0.325709,0.667742,0.325709,0.375576,0.537529,0.375576,0.247475,0.665817,0.347128,0.665817,0.247474,0.373582,0.347127,0.373582,0.267276,0.667742,0.267276,0.375576,0.055456,0.667742,0.055456,0.375576,0.012463,0.373582,0.01246,0.665817,0.582142,0.665816,0.582141,0.373581,0.340407,0.01976,0.333314,0.01976,0.333314,0.026719,0.340407,0.026719,0.340407,0.311996,0.340407,0.305038,0.333315,0.305038,0.333315,0.311996,0.553168,0.026718,0.546075,0.026718,0.546076,0.305038,0.553168,0.305037,0.232997,0.026719,0.225905,0.026719,0.225906,0.305038,0.232998,0.305038,0.218814,0.305038,0.218813,0.026719,0.326222,0.026719,0.326223,0.305038,0.013146,0.026719,0.006054,0.026719,0.006051,0.305038,0.013143,0.305038,0.218814,0.311996,0.225906,0.311996,0.225905,0.019761,0.218813,0.019761,0.504342,0.313921,0.306186,0.313921,0.306186,0.021755,0.504341,0.021755,0.232999,0.311996,0.326223,0.311996,0.232997,0.019761,0.326222,0.019761,0.251522,0.313921,0.251522,0.021756,0.053366,0.313921,0.053366,0.021756,0.013146,0.019761,0.013143,0.311996,0.546076,0.311996,0.546075,0.01976]],