{
    "name": "CubeGeometry",
    "materials": [{
        "visible": true,
        "specularCoef": 50,
        "colorAmbient": [0.64,0.64,0.64],
        "colorDiffuse": [0.64,0.64,0.64],
        "colorEmissive": [0,0,0],
        "blending": "NormalBlending",
        "opacity": 1,
        "colorSpecular": [0.5,0.5,0.5],
        "transparent": false,
        "mapDiffuse": "books_1.png",
        "DbgIndex": 0,
        "depthWrite": true,
        "mapDiffuseRepeat": [1,1],
        "mapDiffuseWrap": ["RepeatWrapping","RepeatWrapping"],
        "mapDiffuseAnisotropy": 1,
        "depthTest": true,
        "DbgColor": 15658734,
        "shading": "phong",
        "wireframe": false,
        "DbgName": "Book.Mat"
    }],
    "uvs": [[0.350496,0.697917,0.350496,0.704875,0.342914,0.704875,0.342914,0.697917,0.350496,0.990152,0.342915,0.990152,0.342915,0.983194,0.350496,0.983194,0.577928,0.704875,0.577929,0.983194,0.570348,0.983194,0.570347,0.704875,0.23568,0.704876,0.235681,0.983195,0.2281,0.983195,0.228099,0.704876,0.220519,0.983195,0.220518,0.704876,0.335333,0.704875,0.335334,0.983194,0.000669,0.704876,0.000666,0.983194,-0.006915,0.983194,-0.006913,0.704876,0.2281,0.990153,0.220519,0.990153,0.220518,0.697917,0.228099,0.697917,0.525735,0.992077,0.313915,0.992077,0.313915,0.699912,0.525735,0.699912,0.235681,0.990153,0.335334,0.990152,0.23568,0.697917,0.335333,0.697917,0.255482,0.992077,0.255482,0.699912,0.043662,0.992077,0.043662,0.699912,0.000669,0.697918,0.000666,0.990152,0.570348,0.990152,0.570347,0.697917,0.912473,0.697711,0.832341,0.69332,0.832341,0.298322,0.912473,0.293713,0.912473,0.007397,0.992605,0.007351,0.992605,0.298105,0.992605,0.693103,0.992605,0.984416,0.912473,0.984026,0.832341,0.984072,0.832341,0.007007,0.36229,0.373581,0.36229,0.38054,0.354708,0.38054,0.354708,0.373581,0.36229,0.665817,0.354709,0.665817,0.354709,0.658859,0.36229,0.658859,0.589722,0.380539,0.589723,0.658858,0.582142,0.658858,0.582141,0.380539,0.247474,0.38054,0.247475,0.658859,0.239894,0.658859,0.239893,0.38054,0.232313,0.658859,0.232312,0.38054,0.347127,0.38054,0.347128,0.658859,0.012463,0.38054,0.01246,0.658858,0.004879,0.658858,0.004881,0.38054,0.239894,0.665817,0.232313,0.665817,0.232312,0.373582,0.239893,0.373582,0.537529,0.667742,0.325709,0.667742,0.325709,0.375576,0.537529,0.375576,0.247475,0.665817,0.347128,0.665817,0.247474,0.373582,0.347127,0.373582,0.267276,0.667742,0.267276,0.375576,0.055456,0.667742,0.055456,0.375576,0.012463,0.373582,0.01246,0.665817,0.582142,0.665816,0.582141,0.373581,0.340407,0.01976,0.340407,0.026719,0.333314,0.026719,0.333314,0.01976,0.340407,0.311996,0.333315,0.311996,0.333315,0.305038,0.340407,0.305038,0.553168,0.026718,0.553168,0.305037,0.546076,0.305038,0.546075,0.026718,0.232997,0.026719,0.232998,0.305038,0.225906,0.305038,0.225905,0.026719,0.218814,0.305038,0.218813,0.026719,0.326222,0.026719,0.326223,0.305038,0.013146,0.026719,0.013143,0.305038,0.006051,0.305038,0.006054,0.026719,0.225906,0.311996,0.218814,0.311996,0.218813,0.019761,0.225905,0.019761,0.504342,0.313921,0.306186,0.313921,0.306186,0.021755,0.504341,0.021755,0.232999,0.311996,0.326223,0.311996,0.232997,0.019761,0.326222,0.019761,0.251522,0.313921,0.251522,0.021756,0.053366,0.313921,0.053366,0.021756,0.013146,0.019761,0.013143,0.311996,0.546076,0.311996,0.546075,0.01976]],
    "faces": [43,23,17,2,14,0,0,1,2,3,0,1,2,3,43,22,15,6,19,0,4,5,6,7,4,5,6,7,43,12,13,5,1,0,8,9,10,11,8,9,10,11,43,17,19,6,2,0,1,7,6,2,1,7,6,2,43,9,11,7,3,0,12,13,14,15,3,5,12,13,43,18,16,3,7,0,16,17,15,14,14,15,13,12,43,14,15,11,9,0,18,19,13,12,3,5,5,3,43,0,4,10,8,0,20,21,22,23,16,17,18,11,43,18,7,11,20,0,16,14,24,25,14,12,5,19,43,16,21,9,3,0,17,26,27,15,15,20,3,13,43,2,6,15,14,0,2,6,19,18,2,6,5,3,43,10,20,21,8,0,28,29,30,31,18,19,20,11,43,20,11,15,22,0,32,13,19,33,19,5,5,4,43,21,23,14,9,0,34,35,18,12,20,0,3,3,43,21,20,22,23,0,30,29,36,37,20,19,4,0,43,23,22,13,12,0,37,36,38,39,0,4,9,8,43,0,8,21,16,0,20,40,26,17,16,11,20,15,43,4,18,20,10,0,21,16,25,41,17,14,19,18,43,4,0,16,18,0,21,20,17,16,17,16,15,14,43,1,5,19,17,0,11,10,7,1,11,10,7,1,43,13,22,19,5,0,42,4,7,10,9,4,7,10,43,12,1,17,23,0,43,11,1,0,8,11,1,0,43,34,29,28,35,0,44,45,46,47,21,22,23,24,43,33,26,30,35,0,48,49,50,47,25,25,26,24,43,34,31,27,32,0,44,51,52,53,21,27,28,28,43,29,34,32,25,0,45,44,53,54,22,21,28,28,43,24,33,35,28,0,55,48,47,46,25,25,24,23,43,31,34,35,30,0,51,44,47,50,27,21,24,26,43,59,53,38,50,0,56,57,58,59,0,1,29,3,43,58,51,42,55,0,60,61,62,63,4,5,6,7,43,48,49,41,37,0,64,65,66,67,8,9,10,11,43,53,55,42,38,0,57,63,62,58,1,7,6,29,43,45,47,43,39,0,68,69,70,71,3,5,12,13,43,54,52,39,43,0,72,73,71,70,14,15,13,12,43,50,51,47,45,0,74,75,69,68,3,5,5,3,43,36,40,46,44,0,76,77,78,79,16,9,18,11,43,54,43,47,56,0,72,70,80,81,14,12,5,19,43,52,57,45,39,0,73,82,83,71,15,20,3,13,43,38,42,51,50,0,58,62,75,74,29,6,5,3,43,46,56,57,44,0,84,85,86,87,18,19,20,11,43,56,47,51,58,0,88,69,75,89,19,5,5,4,43,57,59,50,45,0,90,91,74,68,20,0,3,3,43,57,56,58,59,0,86,85,92,93,20,19,4,0,43,59,58,49,48,0,93,92,94,95,0,4,9,8,43,36,44,57,52,0,76,96,82,73,16,11,20,15,43,40,54,56,46,0,77,72,81,97,9,14,19,18,43,40,36,52,54,0,77,76,73,72,9,16,15,14,43,37,41,55,53,0,67,66,63,57,11,10,7,1,43,49,58,55,41,0,98,60,63,66,9,4,7,10,43,48,37,53,59,0,99,67,57,56,8,11,1,0,43,70,65,64,71,0,44,45,46,47,30,31,32,33,43,69,62,66,71,0,48,49,50,47,25,25,34,33,43,70,67,63,68,0,44,51,52,53,30,35,28,28,43,65,70,68,61,0,45,44,53,54,31,30,28,28,43,60,69,71,64,0,55,48,47,46,25,25,33,32,43,67,70,71,66,0,51,44,47,50,35,30,33,34,43,95,89,74,86,0,100,101,102,103,0,1,2,3,43,94,87,78,91,0,104,105,106,107,4,5,6,7,43,84,85,77,73,0,108,109,110,111,8,9,10,11,43,89,91,78,74,0,101,107,106,102,1,7,6,2,43,81,83,79,75,0,112,113,114,115,3,5,12,13,43,90,88,75,79,0,116,117,115,114,14,15,13,12,43,86,87,83,81,0,118,119,113,112,3,5,5,3,43,72,76,82,80,0,120,121,122,123,16,17,18,36,43,90,79,83,92,0,116,114,124,125,14,12,5,19,43,88,93,81,75,0,117,126,127,115,15,20,3,13,43,74,78,87,86,0,102,106,119,118,2,6,5,3,43,82,92,93,80,0,128,129,130,131,18,19,20,36,43,92,83,87,94,0,132,113,119,133,19,5,5,4,43,93,95,86,81,0,134,135,118,112,20,0,3,3,43,93,92,94,95,0,130,129,136,137,20,19,4,0,43,95,94,85,84,0,137,136,138,139,0,4,9,8,43,72,80,93,88,0,120,140,126,117,16,36,20,15,43,76,90,92,82,0,121,116,125,141,17,14,19,18,43,76,72,88,90,0,121,120,117,116,17,16,15,14,43,73,77,91,89,0,111,110,107,101,11,10,7,1,43,85,94,91,77,0,142,104,107,110,9,4,7,10,43,84,73,89,95,0,143,111,101,100,8,11,1,0,43,106,101,100,107,0,44,45,46,47,37,38,39,40,43,105,98,102,107,0,48,49,50,47,25,25,41,40,43,106,103,99,104,0,44,51,52,53,37,42,28,28,43,101,106,104,97,0,45,44,53,54,38,37,28,28,43,96,105,107,100,0,55,48,47,46,25,25,40,39,43,103,106,107,102,0,51,44,47,50,42,37,40,41],
    "metadata": {
        "faces": 84,
        "generator": "io_three",
        "type": "Geometry",
        "materials": 1,
        "version": 3,
        "normals": 43,
        "vertices": 108,
        "uvs": 1
    },