{
    "metadata": {
        "type": "Geometry",
        "vertices": 8,
        "faces": 6,
        "version": 3,
        "generator": "io_three",
        "uvs": 1,
        "materials": 1,
        "normals": 8
    },
    "vertices": [0.708553,-0,-0.308464,-0.17836,0,0.751921,-0.708553,0,0.308464,0.17836,-0,-0.751921,0.708552,0.466,-0.308464,-0.178361,0.466,0.751921,-0.708553,0.466,0.308464,0.17836,0.466,-0.751921],
    "uvs": [[0.298692,0.201408,0.298692,0.798592,0.0001,0.798592,0.0001,0.201408,0.5,0.201408,0.798592,0.201408,0.798592,0.798592,0.5,0.798592,0.5,0.9999,0.798592,0.9999,0.9999,0.798592,0.9999,0.201408,0.5,0.0001,0.798592,0.0001]],
    "faces": [43,0,1,2,3,0,0,1,2,3,0,1,2,3,43,4,7,6,5,0,4,5,6,7,4,5,6,7,43,0,4,5,1,0,0,4,7,1,0,4,7,1,43,1,5,6,2,0,8,7,6,9,1,7,6,2,43,2,6,7,3,0,10,6,5,11,2,6,5,3,43,4,0,3,7,0,4,12,13,5,4,0,3,5],
    "materials": [{
        "mapDiffuseWrap": ["RepeatWrapping","RepeatWrapping"],
        "mapDiffuseAnisotropy": 1,
        "colorAmbient": [0.8,0.8,0.8],
        "colorDiffuse": [0.8,0.8,0.8],
        "DbgColor": 15658734,
        "mapDiffuse": "box_1.png",
        "wireframe": false,
        "DbgIndex": 0,
        "blending": "NormalBlending",
        "DbgName": "Box.Mat",
        "depthTest": true,
        "depthWrite": true,
        "shading": "lambert",
        "colorEmissive": [0,0,0],
        "visible": true,
        "transparent": false,
        "mapDiffuseRepeat": [1,1],
        "opacity": 1
    }],
    "name": "CubeGeometry",
    "normals": [0.813257,-0.577349,-0.07242,0.07242,-0.577349,0.813257,-0.813257,-0.577349,0.07242,-0.07242,-0.577349,-0.813257,0.813257,0.577349,-0.07242,-0.07242,0.577349,-0.813257,-0.813257,0.577349,0.07242,0.07242,0.577349,0.813257]
}