{
    "normals": [0.577258,-0.577319,0.57741,-0.57741,-0.577349,0.577258,-0.577258,-0.577319,-0.57741,0.57741,-0.577349,-0.577258,0.577258,0.577319,0.57741,0.57741,0.577349,-0.577258,-0.577258,0.577319,-0.57741,-0.57741,0.577349,0.577258],
    "faces": [43,0,1,2,3,0,0,1,2,3,0,1,2,3,43,4,7,6,5,0,4,5,6,7,4,5,6,7,43,0,4,5,1,0,0,4,7,1,0,4,7,1,43,1,5,6,2,0,8,7,6,9,1,7,6,2,43,2,6,7,3,0,10,6,5,11,2,6,5,3,43,4,0,3,7,0,4,12,13,5,4,0,3,5],
    "metadata": {
        "generator": "io_three",
        "type": "Geometry",
        "version": 3,
        "uvs": 1,
        "faces": 6,
        "normals": 8,
        "materials": 1,
        "vertices": 8
    },
    "vertices": [0.95911,-0.159826,0.699941,-1.01227,-0.159826,0.699623,-1.01211,-0.159826,-0.699941,0.959269,-0.159826,-0.699623,0.95911,1.25326,0.699941,-1.01227,1.25326,0.699623,-1.01211,1.25326,-0.699942,0.959269,1.25326,-0.699623],
    "name": "CubeGeometry",
    "uvs": [[0.298692,0.201408,0.298692,0.798592,0.0001,0.798592,0.0001,0.201408,0.5,0.201408,0.798592,0.201408,0.798592,0.798592,0.5,0.798592,0.5,0.9999,0.798592,0.9999,0.9999,0.798592,0.9999,0.201408,0.5,0.0001,0.798592,0.0001]],
    "materials": [{
        "colorDiffuse": [0.8,0.8,0.8],
        "mapDiffuse": "box_1.png",
        "transparent": false,
        "shading": "lambert",
        "mapDiffuseRepeat": [1,1],
        "colorEmissive": [0,0,0],
        "depthTest": true,
        "mapDiffuseWrap": ["RepeatWrapping","RepeatWrapping"],
        "DbgName": "Box.Mat",
        "wireframe": false,
        "opacity": 1,
        "colorAmbient": [0.8,0.8,0.8],
        "DbgIndex": 0,
        "depthWrite": true,
        "visible": true,
        "DbgColor": 15658734,
        "mapDiffuseAnisotropy": 1,
        "blending": "NormalBlending"
    }]
}