{
    "vertices": [0.799943,0,0.500114,-0.800057,0,0.499886,-0.799943,-0,-0.500114,0.800057,-0,-0.499886,0.799943,0.8,0.500114,-0.800057,0.8,0.499886,-0.799943,0.8,-0.500114,0.800057,0.8,-0.499886],
    "faces": [43,0,1,2,3,0,0,1,2,3,0,1,2,3,43,4,7,6,5,0,4,5,6,7,4,5,6,7,43,0,4,5,1,0,0,4,7,1,0,4,7,1,43,1,5,6,2,0,8,7,6,9,1,7,6,2,43,2,6,7,3,0,10,6,5,11,2,6,5,3,43,4,0,3,7,0,4,12,13,5,4,0,3,5],
    "name": "CubeGeometry",
    "materials": [{
        "shading": "lambert",
        "colorAmbient": [0.8,0.8,0.8],
        "mapDiffuseAnisotropy": 1,
        "mapDiffuseRepeat": [1,1],
        "mapDiffuseWrap": ["RepeatWrapping","RepeatWrapping"],
        "colorEmissive": [0,0,0],
        "wireframe": false,
        "depthTest": true,
        "DbgName": "Box.Mat",
        "mapDiffuse": "box_1.png",
        "blending": "NormalBlending",
        "colorDiffuse": [0.8,0.8,0.8],
        "DbgColor": 15658734,
        "DbgIndex": 0,
        "opacity": 1,
        "transparent": false,
        "depthWrite": true,
        "visible": true
    }],
    "normals": [0.577258,-0.577319,0.57741,-0.57741,-0.577349,0.577258,-0.577258,-0.577319,-0.57741,0.57741,-0.577349,-0.577258,0.577258,0.577319,0.57741,0.57741,0.577349,-0.577258,-0.577258,0.577319,-0.57741,-0.57741,0.577349,0.577258],
    "uvs": [[0.298692,0.201408,0.298692,0.798592,0.0001,0.798592,0.0001,0.201408,0.5,0.201408,0.798592,0.201408,0.798592,0.798592,0.5,0.798592,0.5,0.9999,0.798592,0.9999,0.9999,0.798592,0.9999,0.201408,0.5,0.0001,0.798592,0.0001]],
    "metadata": {
        "vertices": 8,
        "faces": 6,
        "version": 3,
        "materials": 1,
        "normals": 8,
        "type": "Geometry",
        "uvs": 1,
        "generator": "io_three"
    }
}