{
    "metadata": {
        "type": "Geometry",
        "vertices": 50,
        "generator": "io_three",
        "uvs": 1,
        "faces": 55,
        "version": 3,
        "normals": 36
    },
    "vertices": [-0.159307,0.015122,-0.086996,-0.159327,0.002735,-0.087163,-0.087141,0.015006,-0.087044,-0.087161,0.00262,-0.087211,-0.03608,0.014236,-0.036054,-0.036099,0.00185,-0.036221,-0.036033,0.013262,0.036105,-0.036053,0.000876,0.035938,-0.087029,0.012655,0.087163,-0.087048,0.000269,0.086996,-0.159194,0.012771,0.087211,-0.159214,0.000384,0.087044,-0.123187,0.001502,-8.4e-05,-0.210256,0.013541,0.036221,-0.210276,0.001154,0.036054,-0.123168,0.013888,8.4e-05,-0.210302,0.014514,-0.035938,-0.210322,0.002128,-0.036105,0.202229,0.013855,-0.036213,0.202209,0.001469,-0.036381,0.202275,0.012881,0.036549,0.202255,0.000495,0.036381,-0.036076,0.001363,-0.000142,-0.036056,0.013749,2.5e-05,0.240826,0.002157,-0.000301,0.240846,0.014543,-0.000134,0.127688,0.001588,-0.036331,0.127735,0.000614,0.040941,0.127708,0.013974,-0.036164,0.127755,0.013001,0.041108,0.127732,0.013487,-8.4e-05,0.127712,0.001101,-0.000251,0.090027,0.001422,0.024991,0.089981,0.002396,-0.03629,0.090001,0.014783,-0.036123,0.090047,0.013809,0.025158,0.090024,0.014296,-4.3e-05,0.090004,0.001909,-0.00021,0.05469,0.001269,0.035888,0.054643,0.002243,-0.036271,0.054663,0.01463,-0.036104,0.05471,0.013656,0.036055,0.054686,0.014143,-2.4e-05,0.054666,0.001756,-0.000191,0.164949,0.001528,-0.036356,0.164969,0.013915,-0.036188,0.165015,0.012941,0.027259,0.164992,0.013428,-0.000109,0.164972,0.001041,-0.000276,0.164995,0.000554,0.027092],
    "uvs": [[0.285769,0.69252,0.285769,0.717036,0.142949,0.717036,0.142949,0.69252,0.000129,0.717036,0.000129,0.692519,0.409477,0.255993,0.554317,0.255993,0.481028,0.174646,0.409477,0.174646,0.999871,0.692519,0.999871,0.717036,0.85705,0.717036,0.85705,0.69252,0.714229,0.717036,0.714229,0.69252,0.571409,0.717036,0.571409,0.69252,0.428589,0.717036,0.428589,0.69252,0.518604,0.519937,0.447219,0.692255,0.589975,0.692261,0.101069,0.692255,0.172453,0.519937,0.243825,0.692261,0.346279,0.591308,0.344772,0.591321,0.346285,0.448552,0.345036,0.519931,0.344778,0.448566,0.346021,0.519943,0.447232,0.347612,0.243838,0.347618,0.589988,0.347618,0.101082,0.347612,0.690928,0.448566,0.000135,0.448552,0.690922,0.591322,0.000129,0.591308,0.579418,0.255993,0.487007,0.331412,0.478821,0.310349,0.409477,0.150133,0.481635,0.150133,0.409477,0.07954,0.409477,0.029497,0.485237,0.012821,0.560044,0.07954,0.409477,0.336641,0.409477,0.309488,0.498614,0.164984,0.256897,0.308773,0.33514,0.324244,0.33514,0.255993,0.256897,0.255993,0.256897,0.150133,0.256897,0.07954,0.33514,0.07954,0.33514,0.150133,0.256897,0.335441,0.33514,0.347354,0.256897,0.029971,0.33514,0.000129,0.256897,0.174646,0.33514,0.174646,0.183813,0.255993,0.183813,0.174646,0.183813,0.150133,0.183813,0.07954,0.183813,0.003215,0.183813,0.337164,0.183813,0.312793,0.006224,0.312793,0.006224,0.255993,0.006224,0.150133,0.006224,0.07954,0.006224,0.337164,0.006224,0.003215,0.006224,0.174646]],
    "faces": [41,1,0,2,3,0,1,2,3,0,0,1,1,41,3,2,4,5,3,2,4,5,1,1,2,3,41,48,24,19,44,6,7,8,9,4,5,6,7,41,7,6,8,9,10,11,12,13,8,9,10,10,41,9,8,10,11,13,12,14,15,10,10,11,11,41,11,10,13,14,15,14,16,17,11,11,12,12,41,14,13,16,17,17,16,18,19,12,12,13,13,40,12,3,1,20,21,22,14,1,0,40,0,15,2,23,24,25,0,14,1,40,12,5,3,20,26,21,14,3,1,40,2,15,4,25,24,27,1,14,2,41,12,7,22,5,20,28,29,26,14,8,15,3,41,4,15,6,23,27,24,30,31,2,14,9,15,40,12,9,7,20,32,28,14,10,8,40,6,15,8,30,24,33,9,14,10,40,12,11,9,20,34,32,14,11,10,40,8,15,10,33,24,35,10,14,11,40,12,14,11,20,36,34,14,12,11,40,10,15,13,35,24,37,11,14,12,40,12,17,14,20,38,36,14,13,12,40,13,15,16,37,24,39,12,14,13,40,12,1,17,20,22,38,14,0,13,41,0,1,17,16,1,0,19,18,0,0,13,13,40,16,15,0,39,24,23,13,14,0,41,24,25,20,21,7,40,41,42,5,16,17,18,41,44,45,18,19,9,43,44,8,7,7,19,6,41,47,46,20,25,45,46,47,48,4,20,17,16,41,46,49,21,20,49,50,42,41,20,21,18,17,41,45,47,25,18,43,45,48,44,7,4,16,19,41,19,18,25,24,8,51,40,7,6,19,16,5,41,49,21,24,48,50,42,7,6,21,18,5,4,41,32,27,31,37,52,53,54,55,22,23,24,25,41,34,36,30,28,56,57,58,59,26,25,24,27,41,35,32,27,29,60,52,53,61,28,22,23,29,41,36,35,29,30,57,62,63,58,25,28,29,24,41,33,34,28,26,64,56,59,65,30,26,27,31,41,37,31,26,33,55,54,65,64,25,24,31,30,41,43,37,33,39,66,55,64,67,32,25,30,33,41,39,40,34,33,67,68,56,64,33,33,26,30,41,42,41,35,36,69,70,62,57,32,34,28,25,41,41,38,32,35,71,72,52,60,34,35,22,28,41,40,42,36,34,68,69,57,56,33,32,25,26,41,38,32,37,43,72,52,55,66,35,22,25,32,41,7,38,43,22,73,72,66,74,8,35,32,15,41,4,23,42,40,75,76,69,68,2,15,32,33,41,6,7,38,41,77,73,72,71,9,8,35,34,41,23,6,41,42,76,78,70,69,15,9,34,32,41,5,4,40,39,79,75,68,67,3,2,33,33,41,22,43,39,5,74,66,67,79,15,32,33,3,41,27,49,48,31,53,50,6,54,23,21,4,24,41,28,30,47,45,59,58,45,43,27,24,4,7,41,29,27,49,46,61,53,50,49,29,23,21,20,41,30,29,46,47,58,63,46,45,24,29,20,4,41,26,28,45,44,65,59,43,9,31,27,7,7,41,31,48,44,26,54,6,9,65,24,4,7,31],
    "name": "CubeGeometry",
    "normals": [-0.296548,0.640339,-0.708487,0.297647,0.639393,-0.708884,0.226417,0.810968,-0.539476,0.226722,0.812006,-0.537736,-0.003723,0.999878,0.0141,0.821314,0.570421,0.004303,0.273965,0.642994,-0.715171,-0.003174,0.714591,-0.699515,0.227424,0.797235,0.55916,0.227119,0.796136,0.560839,0.298563,0.620045,0.725516,-0.295602,0.620991,0.725913,-0.716056,0.627338,0.30604,-0.716453,0.635334,-0.288095,0.001587,0.999878,0.013489,-0.001343,0.999878,0.013489,0.813227,0.581927,0.0047,0.197729,0.597064,0.777398,0.189703,0.601856,0.775719,0.279946,0.63741,-0.717826,0.032228,0.768181,0.639393,0.031953,0.769768,0.637501,-0.024934,0.782708,0.621845,-0.008423,0.622944,0.782189,0.011383,0.999817,0.013947,0.008393,0.999847,0.014374,0.005585,0.719413,-0.69454,0.007599,0.714286,-0.699789,-0.023133,0.785516,0.618397,-0.011933,0.62093,0.783746,0.005524,0.713675,-0.70043,0.00766,0.71868,-0.695242,-0.003693,0.999878,0.014069,-0.003479,0.716575,-0.69747,0.108127,0.665395,0.738578,0.10773,0.664388,0.739555]
}