{
    "name": "CubeGeometry.1",
    "faces": [43,1,0,2,3,0,0,1,2,3,0,0,1,1,43,3,2,4,5,0,3,2,4,5,1,1,2,3,43,48,24,19,44,0,6,7,8,9,4,5,6,7,43,7,6,8,9,0,10,11,12,13,8,9,10,10,43,9,8,10,11,0,13,12,14,15,10,10,11,11,43,11,10,13,14,0,15,14,16,17,11,11,12,12,43,14,13,16,17,0,17,16,18,19,12,12,13,13,42,12,3,1,0,20,21,22,14,1,0,42,0,15,2,0,23,24,25,0,14,1,42,12,5,3,0,20,26,21,14,3,1,42,2,15,4,0,25,24,27,1,14,2,43,12,7,22,5,0,20,28,29,26,14,8,15,3,43,4,15,6,23,0,27,24,30,31,2,14,9,15,42,12,9,7,0,20,32,28,14,10,8,42,6,15,8,0,30,24,33,9,14,10,42,12,11,9,0,20,34,32,14,11,10,42,8,15,10,0,33,24,35,10,14,11,42,12,14,11,0,20,36,34,14,12,11,42,10,15,13,0,35,24,37,11,14,12,42,12,17,14,0,20,38,36,14,13,12,42,13,15,16,0,37,24,39,12,14,13,42,12,1,17,0,20,22,38,14,0,13,43,0,1,17,16,0,1,0,19,18,0,0,13,13,42,16,15,0,0,39,24,23,13,14,0,43,24,25,20,21,0,7,40,41,42,5,16,17,18,43,44,45,18,19,0,9,43,44,8,7,7,19,6,43,47,46,20,25,0,45,46,47,48,4,20,17,16,43,46,49,21,20,0,49,50,42,41,20,21,18,17,43,45,47,25,18,0,43,45,48,44,7,4,16,19,43,19,18,25,24,0,8,51,40,7,6,19,16,5,43,49,21,24,48,0,50,42,7,6,21,18,5,4,43,32,27,31,37,0,52,53,54,55,22,23,24,25,43,34,36,30,28,0,56,57,58,59,26,25,24,27,43,35,32,27,29,0,60,52,53,61,28,22,23,29,43,36,35,29,30,0,57,62,63,58,25,28,29,24,43,33,34,28,26,0,64,56,59,65,30,26,27,31,43,37,31,26,33,0,55,54,65,64,25,24,31,30,43,43,37,33,39,0,66,55,64,67,32,25,30,33,43,39,40,34,33,0,67,68,56,64,33,33,26,30,43,42,41,35,36,0,69,70,62,57,32,34,28,25,43,41,38,32,35,0,71,72,52,60,34,35,22,28,43,40,42,36,34,0,68,69,57,56,33,32,25,26,43,38,32,37,43,0,72,52,55,66,35,22,25,32,43,7,38,43,22,0,73,72,66,74,8,35,32,15,43,4,23,42,40,0,75,76,69,68,2,15,32,33,43,6,7,38,41,0,77,73,72,71,9,8,35,34,43,23,6,41,42,0,76,78,70,69,15,9,34,32,43,5,4,40,39,0,79,75,68,67,3,2,33,33,43,22,43,39,5,0,74,66,67,79,15,32,33,3,43,27,49,48,31,0,53,50,6,54,23,21,4,24,43,28,30,47,45,0,59,58,45,43,27,24,4,7,43,29,27,49,46,0,61,53,50,49,29,23,21,20,43,30,29,46,47,0,58,63,46,45,24,29,20,4,43,26,28,45,44,0,65,59,43,9,31,27,7,7,43,31,48,44,26,0,54,6,9,65,24,4,7,31],
    "vertices": [-0.193355,0.015761,0.032974,-0.193471,0.002314,0.032833,-0.127459,0.015636,-0.009395,-0.127575,0.002189,-0.009536,-0.050908,0.0148,0.007237,-0.051025,0.001353,0.007096,-0.008545,0.013743,0.073128,-0.008661,0.000296,0.072987,-0.025184,0.013084,0.149678,-0.025301,-0.000363,0.149537,-0.09108,0.013209,0.192047,-0.091196,-0.000238,0.191906,-0.109386,0.000976,0.091185,-0.16763,0.014045,0.175415,-0.167747,0.000598,0.175274,-0.109269,0.014422,0.091326,-0.209994,0.015102,0.109525,-0.21011,0.001655,0.109384,0.166695,0.014386,-0.132675,0.166579,0.00094,-0.132816,0.209412,0.013329,-0.066234,0.209296,-0.000118,-0.066375,-0.029843,0.000825,0.040041,-0.029727,0.014271,0.040182,0.223017,0.001686,-0.122506,0.223133,0.015133,-0.122365,0.098533,0.001069,-0.089065,0.143895,1.2e-05,-0.018504,0.098649,0.014516,-0.088924,0.144011,0.013458,-0.018363,0.119831,0.013987,-0.055979,0.119715,0.00054,-0.05612,0.100094,0.00089,-0.010959,0.06411,0.001947,-0.066912,0.064227,0.015393,-0.066771,0.10021,0.014336,-0.010818,0.085408,0.014865,-0.033826,0.085292,0.001418,-0.033967,0.074204,0.000723,0.019721,0.03184,0.00178,-0.046169,0.031957,0.015227,-0.046028,0.07432,0.01417,0.019862,0.053138,0.014698,-0.013083,0.053022,0.001252,-0.013224,0.132556,0.001004,-0.110941,0.132672,0.014451,-0.1108,0.169926,0.013394,-0.052867,0.153854,0.013922,-0.077854,0.153737,0.000476,-0.077995,0.16981,-5.3e-05,-0.053008],
    "metadata": {
        "generator": "io_three",
        "vertices": 50,
        "version": 3,
        "faces": 55,
        "normals": 36,
        "type": "Geometry",
        "uvs": 1,
        "materials": 1
    },
    "normals": [-0.632313,0.640339,-0.435987,-0.132511,0.639393,-0.757347,-0.100894,0.810968,-0.576281,-0.099704,0.812006,-0.57503,0.004456,0.999878,0.013886,0.693472,0.570421,-0.440077,-0.155797,0.642994,-0.74984,-0.380596,0.714591,-0.586932,0.493484,0.797235,0.347667,0.494125,0.796136,0.349254,0.643208,0.620045,0.449202,0.143406,0.620991,0.770562,-0.437208,0.627338,0.644398,-0.758538,0.635334,0.144627,0.008637,0.999878,0.010468,0.006134,0.999878,0.012085,0.68685,0.581927,-0.435377,0.586383,0.597064,0.547349,0.578722,0.601856,0.550279,-0.152226,0.63741,-0.755303,0.37257,0.768181,0.520615,0.371319,0.769768,0.519181,0.314951,0.782708,0.53676,0.415509,0.622944,0.66277,0.017121,0.999817,0.005554,0.014832,0.999847,0.007538,-0.370525,0.719413,-0.587481,-0.371654,0.714286,-0.592975,0.314585,0.785516,0.532884,0.413373,0.62093,0.665975,-0.37376,0.713675,-0.592395,-0.369152,0.71868,-0.58919,0.004486,0.999878,0.013855,-0.379742,0.716575,-0.58504,0.490036,0.665395,0.563097,0.490219,0.664388,0.564104],
    "uvs": [[0.285769,0.69252,0.285769,0.717036,0.142949,0.717036,0.142949,0.69252,0.000129,0.717036,0.000129,0.692519,0.409477,0.255993,0.554317,0.255993,0.481028,0.174646,0.409477,0.174646,0.999871,0.692519,0.999871,0.717036,0.85705,0.717036,0.85705,0.69252,0.714229,0.717036,0.714229,0.69252,0.571409,0.717036,0.571409,0.69252,0.428589,0.717036,0.428589,0.69252,0.518604,0.519937,0.447219,0.692255,0.589975,0.692261,0.101069,0.692255,0.172453,0.519937,0.243825,0.692261,0.346279,0.591308,0.344772,0.591321,0.346285,0.448552,0.345036,0.519931,0.344778,0.448566,0.346021,0.519943,0.447232,0.347612,0.243838,0.347618,0.589988,0.347618,0.101082,0.347612,0.690928,0.448566,0.000135,0.448552,0.690922,0.591322,0.000129,0.591308,0.579418,0.255993,0.487007,0.331412,0.478821,0.310349,0.409477,0.150133,0.481635,0.150133,0.409477,0.07954,0.409477,0.029497,0.485237,0.012821,0.560044,0.07954,0.409477,0.336641,0.409477,0.309488,0.498614,0.164984,0.256897,0.308773,0.33514,0.324244,0.33514,0.255993,0.256897,0.255993,0.256897,0.150133,0.256897,0.07954,0.33514,0.07954,0.33514,0.150133,0.256897,0.335441,0.33514,0.347354,0.256897,0.029971,0.33514,0.000129,0.256897,0.174646,0.33514,0.174646,0.183813,0.255993,0.183813,0.174646,0.183813,0.150133,0.183813,0.07954,0.183813,0.003215,0.183813,0.337164,0.183813,0.312793,0.006224,0.312793,0.006224,0.255993,0.006224,0.150133,0.006224,0.07954,0.006224,0.337164,0.006224,0.003215,0.006224,0.174646]],
    "materials": [{
        "depthWrite": true,
        "DbgIndex": 0,
        "mapDiffuseRepeat": [1,1],
        "transparent": false,
        "opacity": 1,
        "colorDiffuse": [0.64,0.64,0.64],
        "blending": "NormalBlending",
        "mapDiffuseAnisotropy": 1,
        "mapDiffuseWrap": ["RepeatWrapping","RepeatWrapping"],
        "DbgName": "Key.Mat",
        "mapDiffuse": "key_1.png",
        "depthTest": true,
        "colorEmissive": [0,0,0],
        "DbgColor": 15658734,
        "shading": "phong",
        "specularCoef": 50,
        "visible": true,
        "colorSpecular": [1,1,1],
        "wireframe": false
    }]
}