{
    "uvs":[[0.154448,0.602628,0.0060883,0.602628,0.0060883,0.000138059,0.154448,0.000138059,0.874169,0.743931,0.874168,0.00883777,0.910923,0.00883777,0.910922,0.74393,0.837413,0.74393,0.837413,0.00883783,0.80066,0.743931,0.800659,0.00883783,0.947677,0.00883777,0.947677,0.743931,0.690185,0.743926,0.690186,0.00883792,0.72694,0.00883792,0.72694,0.743926,0.65343,0.743926,0.653431,0.00883792,0.763695,0.743926,0.763695,0.00883786,0.800449,0.00883777,0.80045,0.743926,0.254594,0.804336,0.916177,0.804336,0.916177,0.841091,0.254594,0.841091,0.916177,0.767581,0.254594,0.767581,0.254594,0.877845,0.916177,0.877845,0.608501,0.602628,0.460142,0.602628,0.460142,0.000138059,0.608501,0.000138059,0.307295,0.602628,0.307295,0.000138059,0.98464,0.0455923,0.947886,0.0455923,0.947886,0.00883777,0.98464,0.00883783,0.98464,0.045801,0.98464,0.0825555,0.947886,0.0825555,0.947886,0.045801,0.916177,0.9146,0.254594,0.9146]],
    "vertices":[-4,8,-0.2,4,8,-0.2,-3.6,8,-0.2,3.6,8,-0.2,-4,8,0.199999,4,8,0.2,-3.6,8,0.199999,3.6,8,0.2,3.6,4.68095e-07,-0.2,4,4.68095e-07,-0.2,4,4.85579e-07,0.2,3.6,4.85579e-07,0.2,-4,4.68095e-07,-0.2,-3.6,4.68095e-07,-0.2,-3.6,4.85579e-07,0.2,-4,4.85579e-07,0.2,-3.4,0.400002,0.195275,-3.4,7.4,-3.23464e-07,3.4,0.399999,0.195275,3.4,7.4,-3.23464e-07,3.6,8,-0.2,-3.6,8,-0.2,3.6,8,0.2,-3.6,8,0.2,-3.6,7.6,-0.2,3.6,7.6,-0.2,3.6,7.6,0.2,-3.6,7.6,0.2,1.7,7.4,-3.23464e-07,-1.19209e-07,7.4,-3.23464e-07,-1.7,7.4,-3.23464e-07,-1.7,0.400001,-0.234746,1.19209e-07,0.4,0.514024,1.7,0.399999,-0.234746],
    "metadata":{
        "generator":"io_three",
        "normals":19,
        "vertices":34,
        "version":3,
        "uvs":1,
        "faces":18,
        "materials":1,
        "type":"Geometry"
    },
    "name":"CubeGeometry",
    "materials":[{
        "blending":"NormalBlending",
        "depthTest":true,
        "opacity":1,
        "mapDiffuseRepeat":[1,1],
        "colorDiffuse":[0.8,0.8,0.8],
        "depthWrite":true,
        "DbgName":"TableWoodMat.001",
        "mapDiffuseWrap":["RepeatWrapping","RepeatWrapping"],
        "DbgColor":15658734,
        "visible":true,
        "shading":"lambert",
        "transparent":false,
        "mapDiffuseAnisotropy":1,
        "DbgIndex":0,
        "colorEmissive":[0,0,0],
        "mapDiffuse":"curtain_white_2_1.tex.png",
        "wireframe":false
    }],
    "normals":[-0.0454421,0.00845363,0.998901,0.125462,-0.00277718,0.992065,-0.0451369,0.00842311,0.998932,0.577349,0.577349,-0.577349,0.707083,0,-0.707083,-0.707083,0,-0.707083,-0.577349,0.577349,-0.577349,0.577349,0.577349,0.577349,0.707083,0,0.707083,-0.577349,0.577349,0.577349,-0.707083,0,0.707083,0,-0.707083,-0.707083,0,-0.707083,0.707083,0,0.707083,-0.707083,0,0.707083,0.707083,-0.125462,-0.00277718,0.992065,0.0454421,0.00845363,0.998901,0.0451369,0.00842311,0.998932,0,0.0199286,0.999786],
    "faces":[43,30,17,16,31,0,0,1,2,3,0,1,1,2,43,1,9,8,3,0,4,5,6,7,3,4,5,6,43,5,10,9,1,0,8,9,5,4,7,8,4,3,43,7,11,10,5,0,10,11,9,8,9,10,8,7,43,3,8,11,7,0,7,6,12,13,6,5,10,9,43,12,0,2,13,0,16,17,14,15,5,6,3,4,43,6,14,13,2,0,18,19,15,14,7,8,4,3,43,4,15,14,6,0,20,21,22,23,9,10,8,7,43,0,12,15,4,0,17,16,21,20,6,5,10,9,43,24,25,26,27,0,24,25,26,27,11,11,12,12,43,20,25,24,21,0,28,25,24,29,13,11,11,13,43,23,27,26,22,0,30,27,26,31,14,12,12,14,43,19,28,33,18,0,32,33,34,35,15,16,17,15,43,28,29,32,33,0,33,36,37,34,16,18,18,17,43,29,30,31,32,0,36,0,3,37,18,0,2,18,43,2,0,4,6,0,38,39,40,41,3,6,9,7,43,1,3,7,5,0,42,43,44,45,3,6,9,7,43,20,21,23,22,0,46,47,30,31,13,13,14,14]
}