{
    "faces":[43,12,13,14,15,0,0,1,2,3,0,1,2,3,43,16,18,22,20,0,4,5,6,7,3,0,1,2,43,17,19,18,16,0,8,9,10,11,4,5,0,3,43,21,17,16,20,0,12,8,13,14,6,4,3,2,43,23,21,20,22,0,15,12,16,17,7,6,2,1,43,8,9,10,11,0,18,19,20,21,0,1,2,3,43,6,9,8,4,0,22,23,24,25,8,1,0,9,43,2,10,9,6,0,26,27,23,22,10,2,1,8,43,1,11,10,2,0,28,29,30,31,11,3,2,10,43,4,8,11,1,0,25,24,29,28,9,0,3,11,43,5,13,12,7,0,32,33,34,35,8,1,0,9,43,0,14,13,5,0,36,37,33,32,10,2,1,8,43,14,0,3,15,0,37,36,38,39,2,10,11,3,43,7,12,15,3,0,35,34,40,41,9,0,3,11,43,19,23,22,18,0,9,15,42,43,5,7,1,0,43,21,23,19,17,0,12,15,9,8,6,7,5,4,43,28,24,25,29,0,44,45,46,47,9,8,1,0,43,26,30,31,27,0,48,49,50,51,10,11,3,2,43,31,29,25,27,0,50,47,46,51,3,0,1,2,43,30,28,29,31,0,52,53,47,50,11,9,0,3,43,24,26,27,25,0,54,55,51,46,8,10,2,1],
    "name":"CubeGeometry",
    "uvs":[[0.98329,0.352667,0.98329,0.495958,0.83157,0.495958,0.83157,0.352667,0.0348738,0.631515,0.0348737,0.387523,0.76685,0.387523,0.76685,0.631515,0.0349354,0.38773,0.0349355,0.631722,0.0105363,0.631722,0.0105361,0.38773,0.766911,0.387729,0.0349354,0.36333,0.766911,0.36333,0.766911,0.631722,0.791311,0.387729,0.791311,0.631722,0.982835,0.49615,0.982835,0.639441,0.831115,0.639441,0.831115,0.49615,0.247847,0.986563,0.247847,0.827968,0.45524,0.827968,0.45524,0.986563,0.0282538,0.986563,0.0282538,0.827968,0.674833,0.986563,0.674833,0.827968,0.882226,0.827968,0.882226,0.986563,0.45524,0.827449,0.45524,0.668854,0.662633,0.668854,0.662633,0.827449,0.235647,0.827449,0.235647,0.668854,0.0282539,0.827449,0.0282538,0.668854,0.882226,0.668854,0.882226,0.827448,0.766911,0.656121,0.0349355,0.656121,0.0715339,0.0212215,0.779109,0.0212215,0.77911,0.0822194,0.0715339,0.0822205,0.77911,0.362811,0.0715343,0.362811,0.0715343,0.301813,0.77911,0.301812,0.0105364,0.301813,0.0105361,0.0822206,0.840107,0.0822193,0.840108,0.301812]],
    "vertices":[5.8,2.6,1.8,-5.8,2.6,1.8,-2.4,2.6,1.8,2.4,2.6,1.8,-5.8,2.6,-1.8,5.8,2.6,-1.8,-2.4,2.6,-1.8,2.4,2.6,-1.8,-5.8,3.98157e-07,-1.8,-2.4,3.98157e-07,-1.8,-2.4,5.55518e-07,1.8,-5.8,5.55518e-07,1.8,2.4,-7.86805e-08,-1.8,5.8,3.98157e-07,-1.8,5.8,5.55518e-07,1.8,2.4,5.55518e-07,1.8,-6,3.6,2,-6,4,2,-6,3.6,-2,-6,4,-2,6,3.6,2,6,4,2,6,3.6,-2,6,4,-2,5.8,3.6,-1.8,5.8,2.6,-1.8,5.8,3.6,1.8,5.8,2.6,1.8,-5.8,3.6,-1.8,-5.8,2.6,-1.8,-5.8,3.6,1.8,-5.8,2.6,1.8],
    "metadata":{
        "faces":21,
        "uvs":1,
        "version":3,
        "type":"Geometry",
        "vertices":32,
        "generator":"io_three",
        "materials":1,
        "normals":12
    },
  "materials": [
    {
      "colorEmissive": [ 0, 0, 0 ],
      "visible": true,
      "wireframe": false,
      "mapDiffuseRepeat": [ 1, 1 ],
      "transparent": false,
      "mapDiffuseWrap": [ "RepeatWrapping", "RepeatWrapping" ],
      "DbgName": "TableWoodMat.001",
      "blending": "NormalBlending",
      "mapDiffuse": "table_wood_3_1.tex.png",
      "opacity": 1,
      "depthWrite": true,
      "DbgIndex": 0,
      "depthTest": true,
      "mapDiffuseAnisotropy": 1,
      "colorDiffuse": [ 0.8, 0.8, 0.8 ],
      "shading": "lambert",
      "DbgColor": 15658734
    }
  ],
    "normals":[-0.577349,-0.577349,-0.577349,0.577349,-0.577349,-0.577349,0.577349,-0.577349,0.577349,-0.577349,-0.577349,0.577349,-0.577349,0.577349,0.577349,-0.577349,0.577349,-0.577349,0.577349,0.577349,0.577349,0.577349,0.577349,-0.577349,0.707083,0,-0.707083,-0.707083,0,-0.707083,0.707083,0,0.707083,-0.707083,0,0.707083]
}