{
    "faces":[43,2,0,31,24,0,2,3,0,1,0,1,2,3,43,30,25,6,14,0,4,5,6,7,4,5,6,7,43,25,26,4,6,0,5,8,9,6,5,8,9,6,43,0,11,27,31,0,3,11,10,0,1,10,11,2,43,13,14,6,4,0,12,13,14,15,10,7,6,9,43,10,8,3,1,0,16,17,18,19,12,13,14,15,43,15,12,8,10,0,20,21,17,16,12,13,13,12,43,0,2,9,11,0,22,23,24,25,1,0,7,10,43,29,27,11,13,0,26,10,11,27,16,11,10,10,43,24,28,9,2,0,28,29,30,31,3,4,7,0,43,26,29,13,4,0,8,26,27,9,8,16,10,9,43,5,7,12,15,0,32,33,21,20,17,18,13,12,43,11,9,14,13,0,25,24,13,12,10,7,7,10,43,28,30,14,9,0,29,4,7,30,4,4,7,7,43,8,12,23,21,0,34,35,36,37,13,13,4,4,43,5,15,22,19,0,32,20,38,39,17,12,19,20,43,3,8,21,17,0,40,34,37,41,14,13,4,3,43,15,10,20,22,0,20,16,42,38,12,12,21,19,43,10,1,16,20,0,16,19,43,42,12,15,22,21,43,7,5,19,18,0,44,32,39,45,18,17,20,5,43,12,7,18,23,0,35,44,45,36,13,18,5,4,43,1,3,17,16,0,19,46,47,43,15,14,3,22,43,21,23,30,28,0,37,36,4,29,4,4,4,4,43,19,22,29,26,0,39,38,26,8,20,19,16,8,43,17,21,28,24,0,41,37,29,28,3,4,4,3,43,29,22,33,35,0,48,49,50,51,16,19,1,15,43,20,16,31,27,0,42,43,0,10,21,22,2,11,43,18,19,26,25,0,45,39,8,5,5,20,8,5,43,23,18,25,30,0,36,45,5,4,4,5,5,4,43,16,17,24,31,0,43,47,1,0,22,3,3,2,43,33,32,34,35,0,50,52,53,51,1,9,17,15,43,20,27,34,32,0,54,55,53,52,21,11,17,9,43,22,20,32,33,0,49,54,52,50,19,21,9,1,43,27,29,35,34,0,55,48,51,53,11,16,15,17],
    "metadata":{
        "materials":1,
        "normals":23,
        "uvs":1,
        "version":3,
        "faces":34,
        "vertices":36,
        "generator":"io_three",
        "type":"Geometry"
    },
  "materials": [
    {
      "opacity": 1,
      "colorDiffuse": [ 0.8, 0.8, 0.8 ],
      "mapDiffuseAnisotropy": 1,
      "DbgColor": 15658734,
      "mapDiffuse": "toilet_b_1_1.tex.dds",
      "DbgIndex": 0,
      "shading": "phong",
      "mapDiffuseWrap": [ "RepeatWrapping", "RepeatWrapping" ],
      "transparent": false,
      "visible": true,
      "mapDiffuseRepeat": [ 1, 1 ],
      "depthTest": true,
      "colorEmissive": [ 0, 0, 0 ],
      "DbgName": "TableWoodMat.001",
      "depthWrite": true,
      "wireframe": false,
      "blending": "NormalBlending"
    }
  ],
    "normals":[-0.577349,-0.577349,-0.577349,-0.577349,-0.577349,0.577349,-0.684805,0.0744346,0.724876,-0.707083,0,-0.707083,0,0,-1,0.707083,0,-0.707083,0.577349,-0.577349,-0.577349,0,-0.707083,-0.707083,0.684805,0.0744346,0.724876,0.577349,-0.577349,0.577349,0,-0.707083,0.707083,0.261269,0.361492,0.894986,0,0.707083,0.707083,0,0.707083,-0.707083,-0.577349,0.577349,-0.577349,-0.577349,0.577349,0.577349,-0.261269,0.361492,0.894986,0.577349,0.577349,0.577349,0.577349,0.577349,-0.577349,-0.344127,-0.242561,0.907041,0.730827,0.0697348,0.678945,0.344127,-0.242561,0.907041,-0.730827,0.0697348,0.678945],
    "name":"CubeGeometry",
    "uvs":[[0.172442,0.0829804,0.0165119,0.0829804,0.0165119,0.0392266,0.172442,0.0392266,0.706634,0.0829804,0.652691,0.0829804,0.652691,0.0392266,0.706634,0.0392266,0.494869,0.0829804,0.494869,0.0392266,0.225615,0.0829804,0.225615,0.0392266,0.921308,0.584267,0.921308,0.399948,0.975174,0.399948,0.975174,0.584267,0.225615,0.370258,0.225615,0.477552,0.172442,0.477552,0.172442,0.370258,0.44051,0.370258,0.44051,0.477552,0.651975,0.584267,0.651975,0.399948,0.705842,0.399948,0.705842,0.584267,0.44051,0.0829804,0.44051,0.0392266,0.975744,0.0829804,0.921953,0.0829804,0.921953,0.0392266,0.975744,0.0392266,0.494869,0.370258,0.494869,0.477552,0.921953,0.370258,0.706634,0.370258,0.706634,0.323847,0.921953,0.323847,0.44051,0.323847,0.494869,0.323847,0.975744,0.370258,0.975744,0.323847,0.225615,0.323847,0.172442,0.323847,0.652691,0.370258,0.652691,0.323847,0.0165119,0.370258,0.0165119,0.323847,0.388346,0.584279,0.388346,0.985708,0.331901,0.921752,0.331901,0.645667,0.0792017,0.921752,0.0792017,0.645667,0.0206021,0.985708,0.0206021,0.584279]],
    "vertices":[-1.2,0.725564,-0.631293,-1.2,3.17156,-1,-1.2,0.725564,-2,-1.2,3.17156,-2,1.2,0.725564,-0.631293,1.2,3.17156,-1,1.2,0.725564,-2,1.2,3.17156,-2,-0.8,3.17156,-2,-0.8,0.725564,-2,-0.8,3.17156,-1,-0.8,0.725564,-0.631293,0.8,3.17156,-2,0.8,0.725564,-0.631293,0.8,0.725564,-2,0.8,3.17156,-1,-1.2,2.82844,-1,-1.2,2.82844,-2,1.2,2.82844,-2,1.2,2.82844,-1,-0.8,2.82844,-1,-0.8,2.82844,-2,0.8,2.82844,-1,0.8,2.82844,-2,-1.2,1.05259,-2,1.2,1.05259,-2,1.2,1.05259,-0.631293,-0.8,1.05259,-0.631293,-0.8,1.05259,-2,0.8,1.05259,-0.631293,0.8,1.05259,-2,-1.2,1.05259,-0.631293,-0.8,2.82844,-1.60013,0.8,2.82844,-1.60013,-0.8,1.05259,-1.60013,0.8,1.05259,-1.60013]
}