{
    "uvs":[[0.154448,0.602628,0.0060883,0.602628,0.0060883,0.000138059,0.154448,0.000138059,0.874169,0.743931,0.874168,0.00883777,0.910923,0.00883777,0.910922,0.74393,0.837413,0.74393,0.837413,0.00883783,0.80066,0.743931,0.800659,0.00883783,0.947677,0.00883777,0.947677,0.743931,0.690185,0.743926,0.690186,0.00883792,0.72694,0.00883792,0.72694,0.743926,0.65343,0.743926,0.653431,0.00883792,0.763695,0.743926,0.763695,0.00883786,0.800449,0.00883777,0.80045,0.743926,0.254594,0.804336,0.916177,0.804336,0.916177,0.841091,0.254594,0.841091,0.916177,0.767581,0.254594,0.767581,0.254594,0.877845,0.916177,0.877845,0.608501,0.602628,0.460142,0.602628,0.460142,0.000138059,0.608501,0.000138059,0.307295,0.602628,0.307295,0.000138059,0.98464,0.0455923,0.947886,0.0455923,0.947886,0.00883777,0.98464,0.00883783,0.98464,0.045801,0.98464,0.0825555,0.947886,0.0825555,0.947886,0.045801,0.916177,0.9146,0.254594,0.9146]],
    "name":"CubeGeometry",
    "metadata":{
        "type":"Geometry",
        "version":3,
        "faces":32,
        "generator":"io_three",
        "materials":1,
        "uvs":1,
        "vertices":44,
        "normals":32
    },
    "normals":[-0.0317392,0.715232,0.698141,-0.53563,0.598621,0.595569,-0.550554,-0.54268,0.634327,-0.0284738,-0.775689,0.630421,0.577349,0.577349,-0.577349,0.707083,0,-0.707083,-0.707083,0,-0.707083,-0.577349,0.577349,-0.577349,0.577349,0.577349,0.577349,0.707083,0,0.707083,-0.577349,0.577349,0.577349,-0.707083,0,0.707083,0,-0.707083,-0.707083,0,-0.707083,0.707083,0,0.707083,-0.707083,0,0.707083,0.707083,0.53563,0.598621,0.595569,0.0317392,0.715232,0.698141,0.0284738,-0.775689,0.630421,0.550554,-0.54268,0.634327,0,0.72219,0.691671,0,-0.599017,0.800714,0.0320139,0.709372,-0.704062,0.0349742,-0.631703,-0.774407,-0.600971,-0.60741,-0.519486,-0.617603,0.559099,-0.553117,0.617603,0.559099,-0.553117,0.600971,-0.60741,-0.519486,-0.0349742,-0.631703,-0.774407,-0.0320139,0.709372,-0.704062,0,-0.801294,-0.598224,0,0.708579,-0.705618],
    "vertices":[-4,8,-0.2,4,8,-0.2,-3.6,8,-0.2,3.6,8,-0.2,-4,8,0.199999,4,8,0.2,-3.6,8,0.199999,3.6,8,0.2,3.6,4.68095e-07,-0.2,4,4.68095e-07,-0.2,4,4.85579e-07,0.2,3.6,4.85579e-07,0.2,-4,4.68095e-07,-0.2,-3.6,4.68095e-07,-0.2,-3.6,4.85579e-07,0.2,-4,4.85579e-07,0.2,-3.4,0.400002,0.204478,-3.4,7.4,0.00920239,3.4,0.399999,0.204478,3.4,7.4,0.00920239,3.6,8,-0.2,-3.6,8,-0.2,3.6,8,0.2,-3.6,8,0.2,-3.6,7.6,-0.2,3.6,7.6,-0.2,3.6,7.6,0.2,-3.6,7.6,0.2,1.7,7.4,0.00920239,-1.19209e-07,7.4,0.00920239,-1.7,7.4,0.00920239,-1.7,0.400001,-0.225543,1.19209e-07,0.4,0.523227,1.7,0.399999,-0.225543,-3.4,0.400002,0.0990562,-3.4,7.4,-0.0962196,3.4,7.4,-0.0962196,3.4,0.399999,0.0990562,-1.7,7.4,-0.0962196,1.7,0.399999,-0.330965,1.7,7.4,-0.0962196,-1.19209e-07,7.4,-0.0962196,-1.7,0.400001,-0.330965,1.19209e-07,0.4,0.417805],
    "faces":[43,30,17,16,31,0,0,1,2,3,0,1,2,3,43,1,9,8,3,0,4,5,6,7,4,5,6,7,43,5,10,9,1,0,8,9,5,4,8,9,5,4,43,7,11,10,5,0,10,11,9,8,10,11,9,8,43,3,8,11,7,0,7,6,12,13,7,6,11,10,43,12,0,2,13,0,16,17,14,15,6,7,4,5,43,6,14,13,2,0,18,19,15,14,8,9,5,4,43,4,15,14,6,0,20,21,22,23,10,11,9,8,43,0,12,15,4,0,17,16,21,20,7,6,11,10,43,24,25,26,27,0,24,25,26,27,12,12,13,13,43,20,25,24,21,0,28,25,24,29,14,12,12,14,43,23,27,26,22,0,30,27,26,31,15,13,13,15,43,19,28,33,18,0,32,33,34,35,16,17,18,19,43,28,29,32,33,0,33,36,37,34,17,20,21,18,43,29,30,31,32,0,36,0,3,37,20,0,3,21,43,2,0,4,6,0,38,39,40,41,4,7,10,8,43,1,3,7,5,0,42,43,44,45,4,7,10,8,43,20,21,23,22,0,46,47,30,31,14,14,15,15,43,38,42,34,35,0,0,3,2,1,22,23,24,25,43,36,37,39,40,0,32,35,34,33,26,27,28,29,43,40,39,43,41,0,33,34,37,36,29,28,30,31,43,41,43,42,38,0,36,37,3,0,31,30,23,22,43,18,37,36,19,0,35,35,32,32,19,27,26,16,43,31,42,43,32,0,3,3,37,37,3,23,30,21,43,28,40,41,29,0,33,33,36,36,17,29,31,20,43,32,43,39,33,0,37,37,34,34,21,30,28,18,43,30,38,35,17,0,0,0,1,1,0,22,25,1,43,29,41,38,30,0,36,36,0,0,20,31,22,0,43,33,39,37,18,0,34,34,35,35,18,28,27,19,43,17,35,34,16,0,1,1,2,2,1,25,24,2,43,16,34,42,31,0,2,2,3,3,2,24,23,3,43,19,36,40,28,0,32,32,33,33,16,26,29,17],
  "materials": [
    {
      "shading": "phong",
      "DbgName": "TableWoodMat.001",
      "wireframe": false,
      "colorDiffuse": [ 0.8, 0.8, 0.8 ],
      "opacity": 1,
      "colorEmissive": [ 0, 0, 0 ],
      "DbgIndex": 0,
      "transparent": false,
      "DbgColor": 15658734,
      "blending": "NormalBlending",
      "mapDiffuse": "curtain_white_2_1.tex.dds",
      "mapDiffuseWrap": [ "RepeatWrapping", "RepeatWrapping" ],
      "mapDiffuseAnisotropy": 1,
      "mapDiffuseRepeat": [ 1, 1 ],
      "visible": true,
      "depthTest": true,
      "depthWrite": true
    }
  ]
}