{
    "normals":[0.312632,0.915525,-0.253121,0,0.898953,-0.437971,0,0.780938,-0.624561,0.594989,0.721,-0.355113,-0.312601,0.915525,-0.253121,-0.594989,0.721,-0.355113,0.631336,0.775475,-0.00344859,0.657796,0.753136,0.0036317,0.315744,0.907529,0.276925,0.546525,0.642903,0.536607,0,-0.587359,0.80929,0.793725,-0.446974,0.412488,0.767388,-0.243049,0.59328,0,-0.289132,0.957274,0.677969,-0.167486,-0.71572,0,-0.0427869,-0.999054,0,-0.021363,-0.999756,0.748955,-0.0896634,-0.656514,-0.677969,-0.167486,-0.71572,-0.970244,-0.241829,-0.00979644,-0.992218,-0.12418,0.00479141,-0.748955,-0.0896634,-0.656514,0.970244,-0.241829,-0.00979644,0.992218,-0.12418,0.00479141,-0.793725,-0.446974,0.412488,-0.767388,-0.243049,0.59328,0.648244,0.603809,0.463851,0,0.631947,0.774987,-0.594317,0.587817,-0.548814,0,0.678365,-0.734703,0.594317,0.587817,-0.548814,0.718802,0.695212,0,-0.718802,0.695212,0,-0.631336,0.775475,-0.00344859,-0.648244,0.603809,0.463851,-0.315714,0.907529,0.276925,0,0.7622,0.647298,-0.657796,0.753136,0.0036317,-0.546525,0.642903,0.536607,0,0.704703,0.709494,0,1,0,-0.577349,0.577349,0.577349,-0.577349,0.577349,-0.577349,-0.577349,-0.577349,-0.577349,-0.577349,-0.577349,0.577349,0.577349,0.577349,-0.577349,0.577349,-0.577349,-0.577349,0.577349,0.577349,0.577349,0.577349,-0.577349,0.577349],
    "metadata":{
        "faces":42,
        "materials":1,
        "vertices":49,
        "version":3,
        "normals":49,
        "type":"Geometry",
        "generator":"io_three",
        "uvs":1
    },
    "faces":[43,11,14,35,40,0,0,1,2,3,0,1,2,3,43,14,15,38,35,0,1,4,5,2,1,4,5,2,43,10,11,40,39,0,6,0,3,7,6,0,3,7,43,9,10,39,37,0,8,6,7,9,8,6,7,9,43,13,2,18,23,0,10,11,12,13,10,11,12,13,43,3,12,19,20,0,14,15,16,17,14,15,16,17,43,1,4,21,22,0,18,19,20,21,18,19,20,21,43,2,5,17,18,0,11,22,23,12,11,22,23,12,43,0,13,23,24,0,24,10,13,25,24,10,13,25,43,4,0,24,21,0,19,24,25,20,19,24,25,20,43,12,1,22,19,0,26,18,21,27,15,18,21,16,43,5,3,20,17,0,22,14,17,23,22,14,17,23,43,23,18,25,29,0,13,12,28,29,13,12,26,27,43,19,22,31,32,0,27,21,30,31,16,21,28,29,43,17,20,26,28,0,23,17,32,33,23,17,30,31,43,22,21,30,31,0,21,20,34,30,21,20,32,28,43,25,28,16,15,0,35,36,37,38,26,31,33,4,43,21,24,27,30,0,20,25,39,34,20,25,34,32,43,31,30,10,9,0,40,41,42,43,28,32,6,8,43,18,17,28,25,0,12,23,33,28,12,23,31,26,43,29,25,15,14,0,44,35,38,45,27,26,4,1,43,28,26,7,16,0,36,46,47,37,31,30,35,33,43,20,19,32,26,0,17,16,48,32,17,16,29,30,43,24,23,29,27,0,25,13,29,39,25,13,27,34,43,30,27,11,10,0,41,49,50,42,32,34,0,6,43,32,31,9,8,0,51,40,43,52,29,28,8,36,43,26,32,8,7,0,46,51,52,47,30,29,36,35,43,27,29,14,11,0,49,44,45,50,34,27,1,0,43,36,41,33,34,0,53,54,55,56,37,38,39,40,43,38,36,34,35,0,5,53,56,2,5,37,40,2,43,35,34,39,40,0,2,56,7,3,2,40,7,3,43,34,33,37,39,0,56,55,9,7,40,39,9,7,43,7,8,33,41,0,57,58,55,54,35,36,39,38,43,16,7,41,36,0,59,57,54,53,33,35,38,37,43,15,16,36,38,0,4,59,53,5,4,33,37,5,43,8,9,37,33,0,58,8,9,55,36,8,9,39,43,42,44,43,6,0,60,61,62,63,41,42,43,44,43,44,48,47,43,0,61,64,65,66,42,45,46,43,43,48,46,45,47,0,64,67,68,69,45,47,48,46,43,46,42,6,45,0,67,60,70,71,47,41,44,48,43,6,43,47,45,0,72,73,74,75,44,43,46,48,43,46,48,44,42,0,67,64,61,60,47,45,42,41],
  "materials": [
    {
      "mapDiffuseAnisotropy": 1,
      "visible": true,
      "colorDiffuse": [ 0.8, 0.8, 0.8 ],
      "mapDiffuseRepeat": [ 1, 1 ],
      "wireframe": false,
      "DbgIndex": 0,
      "mapDiffuse": "toilet_1_1.tex.png",
      "opacity": 1,
      "DbgName": "TableWoodMat.001",
      "blending": "NormalBlending",
      "depthTest": true,
      "mapDiffuseWrap": [ "RepeatWrapping", "RepeatWrapping" ],
      "shading": "phong",
      "depthWrite": true,
      "transparent": false,
      "colorEmissive": [ 0, 0, 0 ],
      "DbgColor": 15658734
    }
  ],
    "name":"CubeGeometry",
    "vertices":[-0.544398,1.64423e-06,0.798592,-0.544398,1.5792e-06,-0.689301,0.544398,-1.51481e-06,0.798592,0.544398,-1.57985e-06,-0.689301,-0.584422,1.61171e-06,0.0546453,0.584422,-1.54733e-06,0.0546453,-1.02156,1.51577,-0.699595,0.589392,1.62634,-0.44783,1.41009e-07,1.62634,-0.52688,-0.589392,1.62634,-0.44783,-0.632723,1.62634,0.357602,-0.589392,1.62634,1.16304,1.34868e-07,-3.33219e-08,-0.762316,1.34868e-07,4.44782e-08,1.01754,1.41009e-07,1.62634,1.40008,0.589392,1.62634,1.16304,0.632724,1.62634,0.357602,0.824601,0.951662,0.349617,0.768129,0.951662,1.3993,1.43064e-07,0.951664,-0.803091,0.768129,0.951662,-0.700069,-0.824601,0.951666,0.349617,-0.768129,0.951666,-0.700069,1.43064e-07,0.951664,1.70823,-0.768129,0.951666,1.3993,0.768129,1.62634,1.3993,0.768129,1.62634,-0.700069,-0.768129,1.62635,1.3993,0.824601,1.62634,0.349617,1.43064e-07,1.62634,1.70823,-0.824601,1.62635,0.349617,-0.768129,1.62635,-0.700069,1.43064e-07,1.62634,-0.803091,1.9704e-06,0.481396,-0.44308,1.9704e-06,0.481396,0.223179,1.9704e-06,0.481396,0.889438,0.437538,0.481395,0.168551,-0.40757,0.481397,-0.388416,0.407574,0.481395,0.725518,-0.437534,0.481397,0.168551,-0.40757,0.481397,0.725518,0.407574,0.481395,-0.388416,-1.02156,3.05348,-0.699595,-1.02156,1.51577,-1.6252,-1.02156,3.05348,-1.6252,1.02156,1.51577,-0.699595,1.02156,3.05348,-0.699595,1.02156,1.51577,-1.6252,1.02156,3.05348,-1.6252],
    "uvs":[[0.637879,0.966351,0.560544,0.861361,0.702933,0.813872,0.72972,0.842675,0.559376,0.730969,0.707068,0.774756,0.799474,0.978237,0.769996,0.832189,0.924424,0.884461,0.799696,0.810532,0.472783,0.0200561,0.590469,0.0200561,0.590469,0.190872,0.472783,0.190872,0.822688,0.0200561,0.91016,0.0200561,0.91016,0.190872,0.822688,0.190872,0.126883,0.0200561,0.242448,0.0200561,0.242448,0.190872,0.126883,0.190872,0.708374,0.0200561,0.708374,0.190872,0.358417,0.0200561,0.358417,0.190872,0.0363362,0.0200561,0.0363362,0.190872,0.590469,0.301189,0.472783,0.301189,0.126883,0.301189,0.0363362,0.301189,0.822688,0.301189,0.708374,0.301189,0.242448,0.301189,0.654814,0.356535,0.782978,0.356535,0.780338,0.383377,0.681997,0.383377,0.358417,0.301189,0.896803,0.587762,0.768638,0.587762,0.769336,0.5608,0.867677,0.5608,0.61056,0.461901,0.64804,0.464225,0.91016,0.372371,0.877926,0.395528,0.91016,0.301189,0.641456,0.571927,0.671748,0.548649,0.916012,0.480843,0.882417,0.47876,0.745575,0.758966,0.782329,0.75846,0.793931,0.783523,0.75154,0.797661,0.83771,0.624463,0.934843,0.736527,0.681485,0.624463,0.202024,0.564556,0.202024,0.658917,0.0452632,0.658917,0.0452632,0.564556,0.410312,0.658917,0.410311,0.815678,0.202024,0.815678,0.410312,0.564556,0.567073,0.564556,0.567073,0.658917,0.202025,0.407795,0.410312,0.407795,0.200785,0.949734,0.200785,0.855373,0.409072,0.855373,0.409072,0.949734]]
}