{
    "normals":[-0.577349,0.577349,0.577349,-0.577349,0.577349,-0.577349,-0.707083,0,-0.707083,-0.707083,0,0.707083,0.577349,0.577349,0.577349,0.707083,0,0.707083,0.577349,0.577349,-0.577349,0.707083,0,-0.707083,0,-1,0,0.577349,-0.577349,-0.577349,-0.577349,-0.577349,-0.577349,-0.577349,-0.577349,0.577349,0.577349,-0.577349,0.577349,-0.577349,0.422132,-0.698904,0.577349,0.422132,-0.698904,0.707083,-0.169469,-0.686483,-0.707083,-0.169469,-0.686483,0.577349,0.698874,0.422132,-0.577349,0.698904,0.422132,-0.707083,0.169469,0.686483,0.707083,0.169469,0.686483],
    "uvs":[[0.137585,0.1384,0.137585,0.430616,0.0206992,0.430616,0.0206984,0.1384,0.4298,0.138399,0.137585,0.0215135,0.4298,0.0215127,0.429801,0.430615,0.546687,0.138399,0.546687,0.430614,0.645078,0.857238,0.645078,0.565022,0.937293,0.565021,0.937294,0.857237,0.629779,0.123075,0.892773,0.123075,0.892773,0.157397,0.629779,0.157397,0.629778,0.420391,0.892772,0.420391,0.892772,0.454712,0.629778,0.454712,0.595457,0.420391,0.595457,0.157397,0.927094,0.157397,0.927094,0.420391,0.429802,0.547501,0.137586,0.547502,0.186614,0.817259,0.47883,0.817259,0.47883,0.983175,0.186615,0.983175,0.47883,0.730937,0.186614,0.730937,0.186615,0.565021,0.478831,0.565022,0.0206984,0.817259,0.0206985,0.730937,0.644745,0.730937,0.644745,0.817259]],
    "name":"CubeGeometry",
  "materials": [
    {
      "DbgIndex": 0,
      "mapDiffuseAnisotropy": 1,
      "depthTest": true,
      "colorEmissive": [ 0, 0, 0 ],
      "mapDiffuse": "sofa_simple_1_1.tex.png",
      "DbgName": "TableWoodMat.001",
      "mapDiffuseRepeat": [ 1, 1 ],
      "visible": true,
      "depthWrite": true,
      "transparent": false,
      "mapDiffuseWrap": [ "RepeatWrapping", "RepeatWrapping" ],
      "colorDiffuse": [ 0.8, 0.8, 0.8 ],
      "opacity": 1,
      "blending": "NormalBlending",
      "wireframe": false,
      "DbgColor": 15658734,
      "shading": "lambert"
    }
  ],
    "faces":[43,13,15,14,12,0,0,1,2,3,0,1,2,3,43,17,13,12,16,0,4,0,5,6,4,0,3,5,43,19,17,16,18,0,7,4,8,9,6,4,5,7,43,11,10,8,9,0,10,11,12,13,8,8,8,8,43,3,7,6,2,0,14,15,16,17,2,7,9,10,43,0,2,6,4,0,18,17,16,19,11,10,9,12,43,0,4,5,1,0,18,19,20,21,11,12,5,3,43,2,0,1,3,0,17,18,22,23,10,11,3,2,43,7,5,4,6,0,24,25,19,16,7,5,12,9,43,15,19,18,14,0,1,7,26,27,1,6,7,2,43,17,19,15,13,0,4,7,1,0,4,6,1,0,43,24,20,21,25,0,28,29,30,31,13,14,15,16,43,22,26,27,23,0,32,33,34,35,17,18,19,20,43,22,20,24,26,0,32,29,28,33,17,14,13,18,43,26,24,25,27,0,33,28,36,37,18,13,16,19,43,20,22,23,21,0,29,32,38,39,14,17,20,15],
    "vertices":[-1.8,1.50919e-06,1.8,-1.8,0.469812,1.8,-1.8,1.35183e-06,-1.8,-1.8,0.469812,-1.8,1.8,-1.35183e-06,1.8,1.8,0.469809,1.8,1.8,-1.50919e-06,-1.8,1.8,0.469809,-1.8,2,0.199994,-2,2,0.199995,2,-2,0.200005,-2,-2,0.200006,2,-2,0.200006,2,-2,1.80001,2,-2,0.200005,-2,-2,1.8,-2,2,0.199995,2,2,1.8,2,2,0.199994,-2,2,1.79999,-2,2,3.64758,-2.05496,2,1.44264,-1.51059,2,3.9308,-0.907787,2,1.72586,-0.363417,-2,3.64759,-2.05496,-2,1.44266,-1.51059,-2,3.93082,-0.907791,-2,1.72588,-0.363421],
    "metadata":{
        "normals":21,
        "materials":1,
        "uvs":1,
        "version":3,
        "generator":"io_three",
        "faces":16,
        "vertices":28,
        "type":"Geometry"
    }
}