{
    "normals":[-0.577349,-0.577349,-0.577349,0.577349,-0.577349,-0.577349,0.577349,-0.577349,0.577349,-0.577349,-0.577349,0.577349,-0.577349,0.577349,0.577349,-0.577349,0.577349,-0.577349,0.577349,0.577349,0.577349,0.577349,0.577349,-0.577349,0.707083,0,-0.707083,-0.707083,0,-0.707083,0.707083,0,0.707083,-0.707083,0,0.707083],
    "metadata":{
        "type":"Geometry",
        "materials":1,
        "generator":"io_three",
        "uvs":1,
        "normals":12,
        "vertices":48,
        "version":3,
        "faces":32
    },
    "faces":[43,20,21,22,23,0,0,1,2,3,0,1,2,3,43,24,25,26,27,0,4,5,6,7,0,1,2,3,43,32,34,38,36,0,8,9,10,11,3,0,1,2,43,33,35,34,32,0,12,13,14,15,4,5,0,3,43,37,33,32,36,0,16,12,17,18,6,4,3,2,43,39,37,36,38,0,19,16,20,21,7,6,2,1,43,28,29,30,31,0,22,23,24,25,0,1,2,3,43,16,17,18,19,0,26,27,28,29,0,1,2,3,43,12,17,16,8,0,30,31,32,33,8,1,0,9,43,5,18,17,12,0,34,35,36,37,10,2,1,8,43,3,19,18,5,0,38,39,35,34,11,3,2,10,43,8,16,19,3,0,33,32,39,38,9,0,3,11,43,9,21,20,14,0,40,41,42,43,8,1,0,9,43,2,22,21,9,0,44,45,41,40,10,2,1,8,43,7,23,22,2,0,46,47,45,44,11,3,2,10,43,14,20,23,7,0,48,49,47,46,9,0,3,11,43,1,25,24,6,0,50,51,52,53,8,1,0,9,43,11,26,25,1,0,54,55,51,50,10,2,1,8,43,15,27,26,11,0,56,57,55,54,11,3,2,10,43,6,24,27,15,0,53,52,58,59,9,0,3,11,43,28,0,4,29,0,62,63,60,61,0,9,8,1,43,13,30,29,4,0,64,65,61,60,10,2,1,8,43,10,31,30,13,0,66,67,68,69,11,3,2,10,43,0,28,31,10,0,63,62,67,66,9,0,3,11,43,35,39,38,34,0,13,19,70,71,5,7,1,0,43,37,39,35,33,0,16,19,13,12,6,7,5,4,43,44,40,41,45,0,72,73,74,75,5,7,1,0,43,42,46,47,43,0,76,77,78,79,6,4,3,2,43,47,45,41,43,0,80,81,82,83,3,0,1,2,43,42,40,44,46,0,76,73,72,77,6,7,5,4,43,46,44,45,47,0,77,72,84,85,4,5,0,3,43,40,42,43,41,0,73,76,86,87,7,6,2,1],
    "name":"CubeGeometry",
    "materials":[{
        "depthWrite":true,
        "mapDiffuseRepeat":[1,1],
        "mapDiffuse":"table_wood_2_1.tex.png",
        "colorEmissive":[0,0,0],
        "visible":true,
        "depthTest":true,
        "transparent":false,
        "DbgColor":15658734,
        "wireframe":false,
        "shading":"phong",
        "DbgIndex":0,
        "mapDiffuseAnisotropy":1,
        "mapDiffuseWrap":["RepeatWrapping","RepeatWrapping"],
        "DbgName":"TableWoodMat.001",
        "opacity":1,
        "colorDiffuse":[0.8,0.8,0.8],
        "blending":"NormalBlending"
    }],
    "uvs":[[0.911852,0.907003,0.911852,0.939196,0.879659,0.939196,0.879659,0.907003,0.911852,0.939758,0.911852,0.971951,0.879659,0.971951,0.879659,0.939758,0.0655813,0.899887,0.0655813,0.577956,0.709443,0.577955,0.709444,0.899887,0.0655988,0.577817,0.0655987,0.899749,0.0334055,0.899749,0.0334055,0.577817,0.709461,0.577817,0.0655988,0.545624,0.709461,0.545625,0.709461,0.899749,0.741654,0.577817,0.741654,0.899749,0.846904,0.907003,0.879097,0.907003,0.879097,0.939196,0.846904,0.939196,0.846904,0.939758,0.879097,0.939758,0.879097,0.971951,0.846904,0.971951,0.844679,0.251363,0.844679,0.042108,0.876872,0.042108,0.876872,0.251363,0.941258,0.251363,0.941258,0.042108,0.973451,0.042108,0.973451,0.251363,0.909065,0.251363,0.909065,0.042108,0.941438,0.879421,0.941438,0.670166,0.973632,0.670166,0.973632,0.879421,0.909245,0.879421,0.909245,0.670166,0.877052,0.879421,0.877052,0.670166,0.844859,0.879421,0.844859,0.670166,0.90919,0.670319,0.90919,0.461065,0.941383,0.461065,0.941383,0.670319,0.876997,0.670319,0.876997,0.461065,0.844803,0.670319,0.844804,0.461065,0.973576,0.461065,0.973576,0.670319,0.876872,0.46118,0.876872,0.251925,0.909065,0.251925,0.909065,0.46118,0.844679,0.46118,0.844679,0.251925,0.941258,0.46118,0.941258,0.251925,0.973451,0.251925,0.973451,0.46118,0.709461,0.931942,0.0655987,0.931942,0.113888,0.41905,0.741654,0.419267,0.741626,0.49975,0.11386,0.499533,0.741759,0.113433,0.113994,0.113216,0.114022,0.032733,0.741787,0.0329496,0.113615,0.418981,0.113615,0.113146,0.74138,0.113146,0.74138,0.41898,0.0334055,0.419022,0.0335112,0.113188,0.822242,0.11346,0.822136,0.419295]],
    "vertices":[-3.8,2.6,-1.8,3.8,2.6,-1.8,3.8,2.6,1.8,-3.8,2.6,1.8,-3.4,2.6,-1.8,-3.4,2.6,1.8,3.4,2.6,-1.8,3.4,2.6,1.8,-3.8,2.6,1.4,3.8,2.6,1.4,-3.8,2.6,-1.4,3.8,2.6,-1.4,-3.4,2.6,1.4,-3.4,2.6,-1.4,3.4,2.6,1.4,3.4,2.6,-1.4,-3.8,5.38033e-07,1.4,-3.4,5.38033e-07,1.4,-3.4,5.55518e-07,1.8,-3.8,5.55518e-07,1.8,3.4,6.11959e-08,1.4,3.8,5.38033e-07,1.4,3.8,5.55518e-07,1.8,3.4,5.55518e-07,1.8,3.4,3.98157e-07,-1.8,3.8,3.98157e-07,-1.8,3.8,4.15641e-07,-1.4,3.4,4.15641e-07,-1.4,-3.8,3.98157e-07,-1.8,-3.4,3.98157e-07,-1.8,-3.4,4.15641e-07,-1.4,-3.8,4.15641e-07,-1.4,-4,3.6,2,-4,4,2,-4,3.6,-2,-4,4,-2,4,3.6,2,4,4,2,4,3.6,-2,4,4,-2,3.8,3.6,-1.8,3.8,2.6,-1.8,3.8,3.6,1.8,3.8,2.6,1.8,-3.8,3.6,-1.8,-3.8,2.6,-1.8,-3.8,3.6,1.8,-3.8,2.6,1.8]
}