{
  "materials": [
    {
      "DbgColor": 15658734,
      "DbgName": "ChairMat",
      "opacity": 1,
      "transparent": false,
      "depthWrite": true,
      "colorEmissive": [ 0, 0, 0 ],
      "mapDiffuse": "chair_simple_1_1.tex.png",
      "mapDiffuseWrap": [ "RepeatWrapping", "RepeatWrapping" ],
      "mapDiffuseRepeat": [ 1, 1 ],
      "depthTest": true,
      "wireframe": false,
      "visible": true,
      "shading": "lambert",
      "blending": "NormalBlending",
      "colorDiffuse": [ 0.8, 0.8, 0.8 ],
      "DbgIndex": 0,
      "mapDiffuseAnisotropy": 1
    }
  ],
    "faces":[43,14,5,22,25,0,0,1,2,3,0,1,2,3,43,4,10,30,24,0,4,5,6,7,4,5,6,7,43,13,2,21,20,0,8,9,10,11,8,9,10,11,43,12,14,25,18,0,12,13,14,15,12,0,3,13,43,27,20,21,26,0,16,17,18,19,14,11,10,15,43,18,25,22,19,0,20,3,2,21,13,3,2,16,43,23,24,30,28,0,22,7,6,23,17,7,6,18,43,16,17,29,31,0,24,25,26,27,19,20,21,22,43,0,4,24,23,0,28,4,7,29,23,4,7,17,43,7,15,27,26,0,30,31,16,19,24,25,14,15,43,5,3,19,22,0,1,32,33,2,1,26,16,2,43,11,6,16,31,0,34,35,24,27,27,28,19,22,43,8,0,23,28,0,36,28,29,37,29,23,17,18,43,9,11,31,29,0,38,39,40,41,30,27,22,21,43,1,9,29,17,0,42,38,41,43,31,30,21,20,43,15,13,20,27,0,44,8,11,45,25,8,11,14,43,2,7,26,21,0,9,30,19,10,9,24,15,10,43,6,1,17,16,0,35,42,43,24,28,31,20,19,43,3,12,18,19,0,32,12,15,33,26,12,13,16,43,10,8,28,30,0,46,36,37,47,5,29,18,6,43,32,33,35,34,0,48,49,50,51,32,33,34,35,43,34,35,37,36,0,51,50,52,53,35,34,36,37,43,36,37,39,38,0,54,55,56,57,37,36,38,39,43,38,39,41,40,0,57,56,58,59,39,38,40,41,43,40,41,43,42,0,59,58,60,61,41,40,42,43,43,42,43,45,44,0,61,60,62,63,43,42,44,45,42,37,35,33,0,71,64,65,36,34,33,42,33,47,45,0,65,66,67,33,46,44,42,45,43,41,0,67,68,69,44,42,40,42,41,39,37,0,69,70,71,40,38,36,42,37,33,45,0,71,65,67,36,33,44,42,45,41,37,0,67,69,71,44,40,36,43,46,47,33,32,0,72,73,49,48,47,46,33,32,43,44,45,47,46,0,63,62,73,72,45,44,46,47,42,46,32,34,0,81,74,75,47,32,35,42,34,36,38,0,75,76,77,35,37,39,42,38,40,42,0,77,78,79,39,41,43,42,42,44,46,0,79,80,81,43,45,47,42,46,34,38,0,81,75,77,47,35,39,42,38,42,46,0,77,79,81,39,43,47],
    "vertices":[1,2.2,-1,1,2.2,1,-1,2.2,1,-1,2.2,-1,1,2.2,-0.7,-1,2.2,-0.7,1,2.2,0.7,-1,2.2,0.7,0.7,2.2,-1,0.699998,2.2,1,0.7,2.2,-0.7,0.699999,2.2,0.7,-0.699999,2.2,-1,-0.699999,2.2,1,-0.7,2.2,-0.7,-0.699999,2.2,0.7,1.2,1.5855e-07,0.9,1.2,1.71663e-07,1.2,-0.9,6.67555e-08,-1.2,-1.2,6.67555e-08,-1.2,-0.899999,1.71663e-07,1.2,-1.2,1.71663e-07,1.2,-1.2,7.9869e-08,-0.9,1.2,6.67555e-08,-1.2,1.2,7.98691e-08,-0.9,-0.9,7.98691e-08,-0.9,-1.2,1.5855e-07,0.9,-0.899998,1.5855e-07,0.9,0.9,6.67555e-08,-1.2,0.899999,1.71663e-07,1.2,0.9,7.9869e-08,-0.9,0.899999,1.5855e-07,0.9,1.19209e-07,2,-1.36521,1.19209e-07,2.4,-1.36521,0.965347,2,-0.965347,0.965347,2.4,-0.965347,1.36521,2,1.99287e-08,1.36521,2.4,2.44412e-09,0.965347,2,0.965347,0.965347,2.4,0.965347,1.19209e-07,2,1.36521,1.19209e-07,2.4,1.36521,-0.965347,2,0.965347,-0.965347,2.4,0.965347,-1.36521,2,1.99287e-08,-1.36521,2.4,2.44412e-09,-0.965347,2,-0.965347,-0.965347,2.4,-0.965347],
    "uvs":[[0.425738,0.978305,0.387945,0.978305,0.387945,0.697736,0.425738,0.697736,0.485225,0.978305,0.447431,0.978305,0.447431,0.697736,0.485225,0.697736,0.744193,0.978305,0.706438,0.978305,0.709454,0.697736,0.747209,0.697736,0.312357,0.978305,0.274563,0.978305,0.274563,0.697736,0.312357,0.697736,0.633797,0.697736,0.633806,0.661026,0.671635,0.661026,0.671626,0.697736,0.426136,0.661026,0.388342,0.661026,0.484828,0.661026,0.447034,0.661026,0.898751,0.697736,0.899772,0.661026,0.936366,0.661026,0.936545,0.697736,0.523019,0.978305,0.523019,0.697736,0.66861,0.978305,0.630781,0.978305,0.350151,0.978305,0.350151,0.697736,0.936545,0.978305,0.898751,0.978305,0.560813,0.978305,0.560813,0.697736,0.823163,0.978305,0.78537,0.978305,0.78537,0.697736,0.823163,0.697736,0.860957,0.978305,0.860957,0.697736,0.781948,0.978305,0.784964,0.697736,0.598607,0.978305,0.598607,0.697736,0.74999,0.0478719,0.749989,2.18961e-05,0.874984,2.18743e-05,0.874984,0.0478719,0.999978,2.18743e-05,0.999978,0.0478718,2.20489e-05,0.0478725,2.18743e-05,2.23327e-05,0.125017,2.22017e-05,0.125017,0.0478724,0.250011,2.20926e-05,0.250011,0.0478722,0.375006,2.20053e-05,0.375006,0.0478721,0.500001,2.19616e-05,0.500001,0.047872,0.855616,0.179981,0.984342,0.308706,0.984342,0.490751,0.855617,0.619477,0.673571,0.619477,0.544846,0.490751,0.544846,0.308706,0.673571,0.179981,0.624995,0.047872,0.624995,2.19398e-05,0.0356121,0.490751,0.035612,0.308706,0.164337,0.179981,0.346382,0.179981,0.475108,0.308706,0.475108,0.490751,0.346383,0.619477,0.164338,0.619477]],
    "metadata":{
        "vertices":48,
        "generator":"io_three",
        "materials":1,
        "faces":40,
        "uvs":1,
        "version":3,
        "type":"Geometry",
        "normals":48
    },
    "name":"CubeGeometry",
    "normals":[0.701315,-0.127506,0.701315,-0.665334,-0.00735496,0.746483,-0.611133,-0.574267,0.544694,0.552141,-0.624683,0.552141,0.665334,-0.00735496,0.746483,-0.701315,-0.127506,0.701315,-0.552141,-0.624683,0.552141,0.611133,-0.574267,0.544694,0.746483,-0.00735496,0.665334,-0.701315,0.127506,0.701315,-0.599689,-0.529832,0.599689,0.544694,-0.574267,0.611133,0.746483,-0.00735496,-0.665334,0.544694,-0.574267,-0.611133,0.552141,-0.624683,-0.552141,-0.611133,-0.574267,-0.544694,-0.599689,-0.529832,-0.599689,0.599689,-0.529832,-0.599689,-0.544694,-0.574267,-0.611133,0.611133,-0.574267,-0.544694,0.599689,-0.529832,0.599689,-0.544694,-0.574267,0.611133,-0.552141,-0.624683,-0.552141,0.701315,0.127506,-0.701315,-0.665334,-0.00735496,-0.746483,0.701315,-0.127506,-0.701315,-0.701315,0.127506,-0.701315,-0.701315,-0.127506,-0.701315,0.665334,-0.00735496,-0.746483,-0.746483,-0.00735496,-0.665334,-0.746483,-0.00735496,0.665334,0.701315,0.127506,0.701315,0,-0.630238,-0.77636,0,0.630238,-0.77636,0.548967,0.630238,-0.548967,0.548967,-0.630238,-0.548967,0.77636,0.630238,0,0.77636,-0.630238,0,0.548967,0.630238,0.548967,0.548967,-0.630238,0.548967,0,0.630238,0.77636,0,-0.630238,0.77636,-0.548967,0.630238,0.548967,-0.548967,-0.630238,0.548967,-0.77636,0.630238,0,-0.77636,-0.630238,0,-0.548967,0.630238,-0.548967,-0.548967,-0.630238,-0.548967]
}