{
    "name":"CubeGeometry",
    "vertices":[1.64302,4.24011,-0.609229,1.64302,3.77784,-0.609229,1.64302,4.24011,0.582417,1.64302,3.77784,0.582417,1.18075,4.24011,-0.609229,1.18075,3.77784,-0.609229,1.18075,4.24011,0.582417,1.18075,3.77784,0.582417,2,3.78688e-07,-0.2,2,3.96172e-07,0.2,-2,9.81492e-08,0.2,-2,8.06647e-08,-0.2,2,8,-0.2,2,8,0.2,-2,8,0.199999,-2,8,-0.2],
    "materials":[{
        "mapDiffuse":"door_wood_1.tex.png",
        "mapDiffuseRepeat":[1,1],
        "opacity":1,
        "shading":"phong",
        "DbgName":"DoorMat",
        "colorEmissive":[0,0,0],
        "depthTest":true,
        "mapDiffuseWrap":["RepeatWrapping","RepeatWrapping"],
        "transparent":false,
        "colorDiffuse":[0.8,0.8,0.8],
        "visible":true,
        "blending":"NormalBlending",
        "mapDiffuseAnisotropy":1,
        "DbgIndex":0,
        "depthWrite":true,
        "DbgColor":15658734,
        "wireframe":false
    }],
    "skinIndices":[1,0,1,0,1,0,1,0,1,0,1,0,1,0,1,0,1,0,1,0,1,0,1,0,1,0,1,0,1,0,1,0],
    "uvs":[[0.101923,0.447488,0.00432018,0.447488,0.00432019,0.413622,0.101923,0.413622,0.101923,0.515221,0.00432018,0.515221,0.00432018,0.481354,0.101923,0.481354,0.0115739,0.628571,0.0115739,0.590708,0.0454402,0.590708,0.0454402,0.628571,0.101923,0.481354,0.101923,0.549087,0.00432017,0.549087,0.101923,0.515221,0.0454402,0.590708,0.0793066,0.590708,0.0793066,0.628571,0.0454402,0.628571,0.143964,0.497086,0.120131,0.497086,0.120131,0.073657,0.143964,0.073657,0.970155,0.497086,0.970155,0.0736571,0.993988,0.073657,0.993987,0.497086,0.970155,0.539429,0.143964,0.539429,0.970155,0.962858,0.143964,0.962857,0.143964,0.0313145,0.970155,0.0313142]],
    "bones":[{
        "name":"Bone.Basic",
        "parent":-1,
        "pos":[0,0,-0],
        "rotq":[0,0,0,1]
    },{
        "name":"Bone.Door",
        "parent":0,
        "pos":[-2,4,-0],
        "rotq":[0,0,0,1]
    }],
    "metadata":{
        "version":3,
        "type":"Geometry",
        "faces":12,
        "materials":1,
        "generator":"io_three",
        "vertices":16,
        "normals":8,
        "uvs":1,
        "bones":2
    },
    "skinWeights":[1,0,1,0,1,0,1,0,1,0,1,0,1,0,1,0,1,0,1,0,1,0,1,0,1,0,1,0,1,0,1,0],
    "faces":[43,7,5,1,3,0,0,1,2,3,0,1,2,3,43,6,4,5,7,0,4,5,6,7,4,5,1,0,43,2,6,7,3,0,8,9,10,11,6,4,0,3,43,2,0,4,6,0,1,0,12,6,6,7,5,4,43,0,2,3,1,0,13,14,5,15,7,6,3,2,43,4,0,1,5,0,16,17,18,19,5,7,2,1,43,8,9,10,11,0,20,21,22,23,2,3,0,1,43,12,15,14,13,0,24,25,26,27,7,5,4,6,43,8,12,13,9,0,20,24,28,29,2,7,6,3,43,9,13,14,10,0,29,28,30,31,3,6,4,0,43,10,14,15,11,0,32,33,25,23,0,4,5,1,43,12,8,11,15,0,24,20,23,25,7,2,1,5],
    "normals":[-0.577349,-0.577349,0.577349,-0.577349,-0.577349,-0.577349,0.577349,-0.577349,-0.577349,0.577349,-0.577349,0.577349,-0.577349,0.577349,0.577349,-0.577349,0.577349,-0.577349,0.577349,0.577349,0.577349,0.577349,0.577349,-0.577349],
    "influencesPerVertex":2
}