{
    "name":"CubeGeometry",
    "metadata":{
        "generator":"io_three",
        "materials":1,
        "faces":32,
        "version":3,
        "vertices":48,
        "normals":12,
        "uvs":1,
        "type":"Geometry"
    },
  "materials": [
    {
      "depthTest": true,
      "colorEmissive": [ 0, 0, 0 ],
      "opacity": 1,
      "depthWrite": true,
      "shading": "lambert",
      "mapDiffuseWrap": [ "RepeatWrapping", "RepeatWrapping" ],
      "mapDiffuseAnisotropy": 1,
      "transparent": false,
      "wireframe": false,
      "colorDiffuse": [ 0.8, 0.8, 0.8 ],
      "DbgName": "TableWoodMat.001",
      "visible": true,
      "DbgColor": 15658734,
      "DbgIndex": 0,
      "mapDiffuse": "table_wood_1_1.tex.png",
      "mapDiffuseRepeat": [ 1, 1 ],
      "blending": "NormalBlending"
    }
  ],
    "faces":[43,20,21,22,23,0,0,1,2,3,0,1,2,3,43,24,25,26,27,0,4,5,6,7,0,1,2,3,43,32,34,38,36,0,8,9,10,11,3,0,1,2,43,33,35,34,32,0,12,13,14,15,4,5,0,3,43,37,33,32,36,0,16,12,17,18,6,4,3,2,43,39,37,36,38,0,19,16,11,10,7,6,2,1,43,28,29,30,31,0,20,21,22,23,0,1,2,3,43,16,17,18,19,0,24,25,26,27,0,1,2,3,43,12,17,16,8,0,28,29,30,31,8,1,0,9,43,5,18,17,12,0,32,33,34,35,10,2,1,8,43,3,19,18,5,0,36,37,33,32,11,3,2,10,43,8,16,19,3,0,31,30,37,36,9,0,3,11,43,9,21,20,14,0,38,39,40,41,8,1,0,9,43,2,22,21,9,0,42,43,39,38,10,2,1,8,43,7,23,22,2,0,44,45,43,42,11,3,2,10,43,14,20,23,7,0,46,47,45,44,9,0,3,11,43,1,25,24,6,0,48,49,50,51,8,1,0,9,43,11,26,25,1,0,52,53,49,48,10,2,1,8,43,15,27,26,11,0,54,55,53,52,11,3,2,10,43,6,24,27,15,0,51,50,56,57,9,0,3,11,43,28,0,4,29,0,60,61,58,59,0,9,8,1,43,13,30,29,4,0,62,63,59,58,10,2,1,8,43,10,31,30,13,0,64,65,66,67,11,3,2,10,43,0,28,31,10,0,61,60,65,64,9,0,3,11,43,35,39,38,34,0,13,19,68,69,5,7,1,0,43,37,39,35,33,0,16,19,13,12,6,7,5,4,43,44,40,41,45,0,70,71,72,73,5,7,1,0,43,42,46,47,43,0,74,75,76,77,6,4,3,2,43,47,45,41,43,0,78,79,80,81,3,0,1,2,43,42,40,44,46,0,74,71,70,75,6,7,5,4,43,46,44,45,47,0,75,70,82,83,4,5,0,3,43,40,42,43,41,0,71,74,81,80,7,6,2,1],
    "normals":[-0.577349,-0.577349,-0.577349,0.577349,-0.577349,-0.577349,0.577349,-0.577349,0.577349,-0.577349,-0.577349,0.577349,-0.577349,0.577349,0.577349,-0.577349,0.577349,-0.577349,0.577349,0.577349,0.577349,0.577349,0.577349,-0.577349,0.707083,0,-0.707083,-0.707083,0,-0.707083,0.707083,0,0.707083,-0.707083,0,0.707083],
    "vertices":[-1.8,3.6,-1.8,1.8,3.6,-1.8,1.8,3.6,1.8,-1.8,3.6,1.8,-1.4,3.6,-1.8,-1.4,3.6,1.8,1.4,3.6,-1.8,1.4,3.6,1.8,-1.8,3.6,1.4,1.8,3.6,1.4,-1.8,3.6,-1.4,1.8,3.6,-1.4,-1.4,3.6,1.4,-1.4,3.6,-1.4,1.4,3.6,1.4,1.4,3.6,-1.4,-1.8,6.11959e-08,1.4,-1.4,6.11959e-08,1.4,-1.4,7.86804e-08,1.8,-1.8,7.86804e-08,1.8,1.4,-4.15641e-07,1.4,1.8,6.11959e-08,1.4,1.8,7.86805e-08,1.8,1.4,7.86805e-08,1.8,1.4,-7.86805e-08,-1.8,1.8,-7.86805e-08,-1.8,1.8,-6.11959e-08,-1.4,1.4,-6.11959e-08,-1.4,-1.8,-7.86805e-08,-1.8,-1.4,-7.86805e-08,-1.8,-1.4,-6.11959e-08,-1.4,-1.8,-6.11959e-08,-1.4,-2,3.6,2,-2,4,2,-2,3.6,-2,-2,4,-2,2,3.6,2,2,4,2,2,3.6,-2,2,4,-2,1.8,2.1,-1.8,1.8,1.7,-1.8,1.8,2.1,1.8,1.8,1.7,1.8,-1.8,2.1,-1.8,-1.8,1.7,-1.8,-1.8,2.1,1.8,-1.8,1.7,1.8],
    "uvs":[[0.680414,0.916779,0.680414,0.950073,0.64712,0.950073,0.64712,0.916779,0.646982,0.917033,0.646982,0.950327,0.613688,0.950327,0.613688,0.917033,0.74829,0.0397411,0.74829,0.372681,0.41535,0.372681,0.41535,0.0397411,0.0491159,0.039741,0.0491158,0.372681,0.0158218,0.372681,0.0158217,0.039741,0.382056,0.0397411,0.0491159,0.0064469,0.382056,0.00644671,0.382056,0.372681,0.680327,0.950204,0.680327,0.983498,0.647033,0.983498,0.647033,0.950204,0.64664,0.950204,0.64664,0.983498,0.613346,0.983498,0.613346,0.950204,0.718996,0.687342,0.718995,0.387697,0.75229,0.387697,0.75229,0.687342,0.818877,0.687342,0.818877,0.387697,0.852172,0.387697,0.852171,0.687342,0.785583,0.687342,0.785583,0.387697,0.819477,0.987299,0.819581,0.687653,0.852875,0.687665,0.852772,0.98731,0.786184,0.987287,0.786287,0.687642,0.75289,0.987276,0.752993,0.68763,0.719596,0.987264,0.719699,0.687619,0.919153,0.687342,0.919153,0.387697,0.952447,0.387697,0.952447,0.687342,0.885859,0.687342,0.885859,0.387697,0.852565,0.687342,0.852565,0.387697,0.985741,0.387697,0.985741,0.687342,0.886562,0.987264,0.886562,0.687619,0.919856,0.687619,0.919856,0.987264,0.853268,0.987264,0.853268,0.687619,0.95315,0.987264,0.95315,0.687619,0.986444,0.687619,0.986444,0.987264,0.382056,0.405975,0.0491158,0.405975,0.0491167,0.804934,0.348762,0.804933,0.348762,0.838228,0.0491168,0.838228,0.348762,0.505288,0.0491161,0.505288,0.049116,0.471994,0.348762,0.471994,0.681702,0.505287,0.681702,0.804932,0.382057,0.804933,0.382056,0.505288,0.0158226,0.804934,0.0158217,0.505288]]
}