{
    "vertices":[4,-0,-2,4,0,1.5,-4,0,1.5,-4,-0,-2,4,4,-2,4,4,1.5,-4,4,1.5,-4,4,-2,3.6,0.4,1.5,-3.6,0.4,1.5,3.6,3.6,1.5,-3.6,3.6,1.5,3.6,0.4,-1.8,-3.6,0.4,-1.8,3.6,3.6,-1.8,-3.6,3.6,-1.8,-3.9,0.1,1.6,-3.9,3.9,1.6,-3.9,0.1,1.3,-3.9,3.9,1.3,-0.1,0.1,1.6,-0.1,3.9,1.6,-0.1,0.1,1.3,-0.1,3.9,1.3,0.1,0.1,1.6,0.1,3.9,1.6,0.1,0.1,1.3,0.1,3.9,1.3,3.9,0.1,1.6,3.9,3.9,1.6,3.9,0.1,1.3,3.9,3.9,1.3,-0.2,-0,-2,-0.2,0,1.5,-0.199999,4,-2,-0.200001,4,1.5,-0.2,0.4,1.5,-0.200001,3.6,1.5,-0.199999,0.4,-1.8,-0.2,3.6,-1.8,0.2,-0,-2,0.2,0,1.5,0.200001,4,-2,0.199999,4,1.5,0.2,0.4,1.5,0.199999,3.6,1.5,0.200001,0.4,-1.8,0.2,3.6,-1.8],
    "faces":[43,32,33,2,3,0,0,1,2,3,0,1,2,3,43,34,7,6,35,0,4,5,6,7,4,5,6,7,43,0,4,5,1,0,8,9,10,11,8,9,10,11,43,35,6,11,37,0,7,6,12,13,7,6,12,13,43,2,6,7,3,0,14,15,5,3,2,6,5,3,43,34,32,3,7,0,4,0,3,5,4,0,3,5,43,37,11,15,39,0,16,17,18,19,13,12,11,2,43,6,2,9,11,0,15,14,20,21,6,2,14,12,43,1,5,10,8,0,11,10,22,23,11,10,13,15,43,41,1,8,44,0,24,25,26,27,1,11,15,14,43,38,39,15,13,0,28,19,18,29,6,2,11,10,43,8,10,14,12,0,30,31,32,33,15,13,2,6,43,11,9,13,15,0,34,35,29,18,12,14,10,11,43,44,8,12,46,0,36,37,33,38,14,15,6,10,43,17,19,18,16,0,39,40,41,42,6,5,3,2,43,19,23,22,18,0,40,43,44,41,5,9,8,3,43,23,21,20,22,0,43,45,46,44,9,10,11,8,43,21,17,16,20,0,47,48,49,50,10,6,2,11,43,16,18,22,20,0,51,41,44,52,2,3,8,11,43,21,23,19,17,0,53,43,40,54,10,9,5,6,43,25,27,26,24,0,55,56,57,58,6,5,3,2,43,27,31,30,26,0,56,59,60,57,5,9,8,3,43,31,29,28,30,0,59,61,62,60,9,10,11,8,43,29,25,24,28,0,63,64,65,66,10,6,2,11,43,24,26,30,28,0,67,57,60,68,2,3,8,11,43,29,31,27,25,0,69,59,56,70,10,9,5,6,43,9,36,38,13,0,71,72,28,29,14,15,6,10,43,36,44,45,37,0,73,74,75,76,15,14,12,13,43,2,33,36,9,0,2,1,77,78,2,1,15,14,43,36,37,39,38,0,79,80,19,28,15,13,2,6,43,42,40,32,34,0,81,82,0,4,4,0,0,4,43,43,35,37,45,0,83,7,13,84,7,7,13,12,43,42,34,35,43,0,81,4,7,83,4,4,7,7,43,40,41,33,32,0,82,24,1,0,0,1,1,0,43,0,1,41,40,0,8,25,24,82,8,11,1,0,43,4,42,43,5,0,9,81,83,85,9,4,7,10,43,5,43,45,10,0,85,83,84,86,10,7,12,13,43,4,0,40,42,0,9,8,82,81,9,8,0,4,43,10,45,47,14,0,87,88,89,32,13,12,11,2,43,12,14,47,46,0,33,32,89,38,6,2,11,10,43,44,46,47,45,0,90,38,89,91,14,10,11,12,43,33,41,44,36,0,1,24,27,77,1,1,14,15],
    "skinWeights":[1,0,1,0,1,0,1,0,1,0,1,0,1,0,1,0,1,0,1,0,1,0,1,0,1,0,1,0,1,0,1,0,1,0,1,0,1,0,1,0,1,0,1,0,1,0,1,0,1,0,1,0,1,0,1,0,1,0,1,0,1,0,1,0,1,0,1,0,1,0,1,0,1,0,1,0,1,0,1,0,1,0,1,0,1,0,1,0,1,0,1,0,1,0,1,0],
    "metadata":{
        "faces":42,
        "type":"Geometry",
        "vertices":48,
        "uvs":1,
        "generator":"io_three",
        "version":3,
        "bones":5,
        "materials":1,
        "normals":16
    },
    "skinIndices":[0,0,0,0,0,0,0,0,0,0,0,0,0,0,0,0,0,0,0,0,0,0,0,0,0,0,0,0,0,0,0,0,4,0,4,0,4,0,4,0,4,0,4,0,4,0,4,0,2,0,2,0,2,0,2,0,2,0,2,0,2,0,2,0,0,0,0,0,0,0,0,0,0,0,0,0,0,0,0,0,0,0,0,0,0,0,0,0,0,0,0,0,0,0,0,0],
    "bones":[{
        "pos":[0,0,-0],
        "name":"Bone.Basic",
        "parent":-1,
        "rotq":[0,0,0,1]
    },{
        "pos":[0,1,-0],
        "name":"l_Bone.Basic",
        "parent":0,
        "rotq":[0,0,0,1]
    },{
        "pos":[3.9,1,1.5],
        "name":"l_Bone.Door",
        "parent":1,
        "rotq":[0,0,0,1]
    },{
        "pos":[0,1,-0],
        "name":"r_Bone.Basic",
        "parent":0,
        "rotq":[0,0,0,1]
    },{
        "pos":[-3.9,1,1.5],
        "name":"r_Bone.Door",
        "parent":3,
        "rotq":[0,0,0,1]
    }],
    "influencesPerVertex":2,
    "name":"CubeGeometry",
    "normals":[0,-0.707083,-0.707083,0,-0.707083,0.707083,-0.577349,-0.577349,0.577349,-0.577349,-0.577349,-0.577349,0,0.707083,-0.707083,-0.577349,0.577349,-0.577349,-0.577349,0.577349,0.577349,0,0.707083,0.707083,0.577349,-0.577349,-0.577349,0.577349,0.577349,-0.577349,0.577349,0.577349,0.577349,0.577349,-0.577349,0.577349,0.301492,-0.301492,0.904508,-0.301492,-0.301492,0.904508,0.301492,0.301492,0.904508,-0.301492,0.301492,0.904508],
    "materials":[{
        "colorEmissive":[0,0,0],
        "shading":"phong",
        "mapDiffuseAnisotropy":1,
        "DbgIndex":0,
        "wireframe":false,
        "blending":"NormalBlending",
        "colorDiffuse":[0.8,0.8,0.8],
        "transparent":false,
        "depthWrite":true,
        "mapDiffuse":"cabinet_wood_2_1.tex.png",
        "mapDiffuseRepeat":[1,1],
        "opacity":1,
        "DbgColor":15658734,
        "DbgName":"BoxMat",
        "depthTest":true,
        "visible":true,
        "mapDiffuseWrap":["RepeatWrapping","RepeatWrapping"]
    }],
    "uvs":[[0.489029,0.435532,0.489029,0.593084,0.317971,0.593084,0.317971,0.435532,0.489029,0.255471,0.317971,0.255471,0.317971,0.097919,0.489029,0.097919,0.678092,0.435532,0.678092,0.255471,0.835644,0.255472,0.835644,0.435532,0.335977,0.079913,0.480026,0.079913,0.160419,0.435532,0.160419,0.255472,0.542983,0.765463,0.542983,0.621415,0.691533,0.621415,0.691533,0.765463,0.142413,0.417526,0.142413,0.273477,0.853651,0.273478,0.85365,0.417526,0.507035,0.593084,0.678092,0.593084,0.660086,0.61109,0.516038,0.61109,0.835581,0.765463,0.835581,0.621415,0.452697,0.621415,0.452697,0.765463,0.304147,0.765463,0.304147,0.621415,0.691533,0.472865,0.835581,0.472865,0.160099,0.472865,0.304147,0.472865,0.160099,0.621415,0.307596,0.232483,0.294092,0.232483,0.294092,0.061426,0.307596,0.061426,0.123035,0.232483,0.123035,0.061426,0.10953,0.232483,0.10953,0.061426,0.490583,0.784795,0.490583,0.955852,0.319526,0.955852,0.319526,0.784795,0.294092,0.047921,0.123035,0.047921,0.123035,0.245987,0.294092,0.245987,0.8858,0.232483,0.872296,0.232483,0.872296,0.061426,0.885801,0.061426,0.701239,0.232483,0.701239,0.061426,0.687734,0.232483,0.687734,0.061426,0.662091,0.784795,0.662091,0.955852,0.491034,0.955852,0.491034,0.784795,0.872296,0.047921,0.701239,0.047921,0.701239,0.245987,0.872296,0.245987,0.98413,0.621414,0.98413,0.765463,0.47918,0.623663,0.515192,0.623663,0.515192,0.767711,0.47918,0.767711,0.480026,0.61109,0.335978,0.61109,0.835581,0.914012,0.691533,0.914012,0.507035,0.255471,0.507035,0.435532,0.507035,0.097919,0.516038,0.079913,0.678092,0.097919,0.660086,0.079913,0.304147,0.914012,0.160099,0.914012,0.160099,0.765463,0.011549,0.621415,0.011549,0.765463]]
}