{
    "name":"CubeGeometry",
    "uvs":[[0.0979859,0.443551,0.000382928,0.443551,0.000382939,0.409684,0.097986,0.409684,0.097986,0.511283,0.000382924,0.511283,0.000382928,0.477417,0.097986,0.477417,0.00763666,0.624633,0.00763666,0.586771,0.041503,0.586771,0.041503,0.624633,0.0979859,0.477417,0.0979859,0.54515,0.000382921,0.54515,0.0979859,0.511283,0.041503,0.586771,0.0753693,0.586771,0.0753693,0.624633,0.041503,0.624633,0.140027,0.281434,0.116194,0.281434,0.116194,0.0697198,0.140027,0.0697198,0.966218,0.281434,0.966218,0.0697198,0.99005,0.0697198,0.99005,0.281434,0.75967,0.493149,0.966218,0.493149,0.966218,0.535492,0.75967,0.535492,0.75967,0.747206,0.966218,0.747206,0.966218,0.958921,0.75967,0.958921,0.75967,0.027377,0.966218,0.0273769,0.75967,0.0697198,0.553122,0.281434,0.553122,0.0697198,0.75967,0.281434,0.140027,0.0273772,0.553122,0.0273771,0.140027,0.747206,0.553122,0.747206,0.553122,0.95892,0.140026,0.95892,0.140027,0.493149,0.553122,0.493149,0.553122,0.535492,0.140027,0.535491,0.121167,0.636721,0.138745,0.636721,0.138744,0.742188,0.121167,0.742188,0.966218,0.387292,0.75967,0.387292,0.140027,0.641349,0.553122,0.641349,0.121167,0.955917,0.121167,0.850451,0.138744,0.850451,0.138745,0.955917,0.553122,0.387292,0.140027,0.387292,0.75967,0.641349,0.966218,0.641349,0.99005,0.387291,0.116194,0.387292,0.116194,0.493149,0.99005,0.493149,0.138745,0.528458,0.121167,0.528458]],
    "skinWeights":[1,0,1,0,1,0,1,0,1,0,1,0,1,0,1,0,1,0,1,0,1,0,1,0,1,0,1,0,1,0,1,0,1,0,1,0,1,0,1,0,1,0,1,0,1,0,1,0,1,0,1,0,1,0,1,0,1,0,1,0,1,0,1,0,1,0,1,0,1,0,1,0,1,0,1,0,1,0,1,0],
    "faces":[43,7,5,1,3,0,0,1,2,3,0,1,2,3,43,6,4,5,7,0,4,5,6,7,4,5,1,0,43,2,6,7,3,0,8,9,10,11,6,4,0,3,43,2,0,4,6,0,1,0,12,6,6,7,5,4,43,0,2,3,1,0,13,14,5,15,7,6,3,2,43,4,0,1,5,0,16,17,18,19,5,7,2,1,43,24,25,10,11,0,20,21,22,23,8,9,0,1,43,26,15,14,27,0,24,25,26,27,10,5,4,11,43,20,12,13,21,0,28,29,30,31,12,7,6,13,43,31,27,14,22,0,32,33,34,35,14,11,4,15,43,22,14,15,23,0,36,37,25,38,15,4,5,16,43,28,24,11,19,0,39,20,23,40,17,8,1,16,43,30,28,19,23,0,41,39,40,38,18,17,16,16,43,10,18,19,11,0,42,43,40,23,0,15,16,1,43,25,29,18,10,0,44,45,46,47,9,19,15,0,43,8,16,17,9,0,48,49,50,51,2,12,13,3,43,26,30,23,15,0,24,41,38,25,10,18,16,5,43,18,22,23,19,0,43,36,38,40,15,15,16,16,43,29,31,22,18,0,45,32,35,46,19,14,15,15,43,16,20,21,17,0,49,28,31,50,12,12,13,13,43,28,29,37,36,0,52,53,54,55,17,19,20,21,43,34,38,30,26,0,56,57,41,24,10,22,18,10,43,33,37,29,25,0,58,59,45,44,9,20,19,9,43,30,38,39,31,0,60,61,62,63,18,22,23,14,43,36,32,24,28,0,64,65,20,39,21,8,8,17,43,39,35,27,31,0,66,67,33,32,23,11,11,14,43,34,26,27,35,0,56,24,27,68,10,10,11,11,43,32,33,25,24,0,65,69,21,20,8,9,9,8,43,8,9,33,32,0,48,70,69,65,2,3,9,8,43,12,34,35,13,0,29,56,68,71,7,10,11,6,43,21,13,35,39,0,31,30,67,66,13,6,11,23,43,16,8,32,36,0,49,48,65,64,12,2,8,21,43,20,16,36,38,0,28,49,64,57,12,12,21,22,43,9,17,37,33,0,51,50,59,58,3,13,20,9,43,12,20,38,34,0,29,28,57,56,7,12,22,10,43,17,21,39,37,0,50,31,66,59,13,13,23,20,43,31,29,28,30,0,72,53,52,73,14,19,17,18,43,36,37,39,38,0,55,54,62,61,21,20,23,22],
    "normals":[-0.577349,-0.577349,0.577349,-0.577349,-0.577349,-0.577349,0.577349,-0.577349,-0.577349,0.577349,-0.577349,0.577349,-0.577349,0.577349,0.577349,-0.577349,0.577349,-0.577349,0.577349,0.577349,0.577349,0.577349,0.577349,-0.577349,0,-0.707083,-0.707083,0,-0.707083,0.707083,0,0.707083,-0.707083,0,0.707083,0.707083,0.707083,0,-0.707083,0.707083,0,0.707083,0.301492,-0.301492,0.904508,-0.707083,0,0.707083,-0.707083,0,-0.707083,0.301492,0.301492,-0.904508,0.301492,-0.301492,-0.904508,0.301492,0.301492,0.904508,-0.301492,0.301492,0.904508,-0.301492,0.301492,-0.904508,-0.301492,-0.301492,-0.904508,-0.301492,-0.301492,0.904508],
    "vertices":[1.64302,4.24011,-0.609229,1.64302,3.77784,-0.609229,1.64302,4.24011,0.582417,1.64302,3.77784,0.582417,1.18075,4.24011,-0.609229,1.18075,3.77784,-0.609229,1.18075,4.24011,0.582417,1.18075,3.77784,0.582417,2,3.78688e-07,-0.2,2,3.96172e-07,0.2,-2,9.81492e-08,0.2,-2,8.06647e-08,-0.2,2,8,-0.2,2,8,0.2,-2,8,0.199999,-2,8,-0.2,2,4.35269,-0.2,2,4.35269,0.2,-2,4.35269,0.2,-2,4.35269,-0.2,2,6.81632,-0.2,2,6.81632,0.2,-2,6.81632,0.199999,-2,6.81632,-0.2,-1.2,1.40269e-07,-0.2,-1.2,1.57754e-07,0.2,-1.2,8,-0.2,-1.2,8,0.199999,-1.2,4.35269,-0.2,-1.2,4.35269,0.2,-1.2,6.81632,-0.2,-1.2,6.81632,0.199999,1.2,3.19083e-07,-0.2,1.2,3.36568e-07,0.2,1.2,8,-0.2,1.2,8,0.2,1.2,4.35269,-0.2,1.2,4.35269,0.2,1.2,6.81632,-0.2,1.2,6.81632,0.2],
    "influencesPerVertex":2,
  "materials": [
    {
      "shading": "lambert",
      "visible": true,
      "colorEmissive": [ 0, 0, 0 ],
      "mapDiffuse": "door_wood_2.tex.png",
      "DbgIndex": 0,
      "colorDiffuse": [ 0.8, 0.8, 0.8 ],
      "blending": "NormalBlending",
      "transparent": false,
      "depthTest": true,
      "wireframe": false,
      "opacity": 1,
      "depthWrite": true,
      "mapDiffuseWrap": [ "RepeatWrapping", "RepeatWrapping" ],
      "mapDiffuseAnisotropy": 1,
      "mapDiffuseRepeat": [ 1, 1 ],
      "DbgColor": 15658734,
      "DbgName": "DoorMat"
    }
  ],
    "metadata":{
        "uvs":1,
        "type":"Geometry",
        "vertices":40,
        "version":3,
        "generator":"io_three",
        "faces":38,
        "normals":24,
        "materials":1,
        "bones":2
    },
    "skinIndices":[1,0,1,0,1,0,1,0,1,0,1,0,1,0,1,0,1,0,1,0,1,0,1,0,1,0,1,0,1,0,1,0,1,0,1,0,1,0,1,0,1,0,1,0,1,0,1,0,1,0,1,0,1,0,1,0,1,0,1,0,1,0,1,0,1,0,1,0,1,0,1,0,1,0,1,0,1,0,1,0],
    "bones":[{
        "name":"Bone.Basic",
        "rotq":[0,0,0,1],
        "parent":-1,
        "pos":[0,0,-0]
    },{
        "name":"Bone.Door",
        "rotq":[0,0,0,1],
        "parent":0,
        "pos":[-2,4,-0]
    }]
}