{
    "metadata":{
        "uvs":1,
        "vertices":24,
        "materials":1,
        "version":3,
        "normals":12,
        "type":"Geometry",
        "generator":"io_three",
        "faces":16
    },
    "name":"CubeGeometry",
    "normals":[-0.577349,-0.577349,-0.577349,0.577349,-0.577349,-0.577349,0.577349,-0.577349,0.577349,-0.577349,-0.577349,0.577349,-0.577349,0.577349,0.577349,-0.577349,0.577349,-0.577349,0.577349,0.577349,0.577349,0.577349,0.577349,-0.577349,0.707083,0,-0.707083,-0.707083,0,-0.707083,0.707083,0,0.707083,-0.707083,0,0.707083],
    "uvs":[[0.427459,0.717096,0.427459,0.758386,0.386169,0.758386,0.386169,0.717096,0.0135931,0.716774,0.013593,0.407097,0.839398,0.407097,0.839398,0.716774,0.0548835,0.0558088,0.0548838,0.365486,0.0135934,0.365486,0.013593,0.0558089,0.880689,0.0558079,0.0548835,0.0145183,0.880689,0.014518,0.880689,0.365485,0.921979,0.0558079,0.921979,0.365485,0.344558,0.717096,0.385848,0.717096,0.385848,0.758386,0.344558,0.758386,0.261656,0.985482,0.261656,0.717096,0.302946,0.717096,0.302946,0.985482,0.220366,0.985482,0.220366,0.717096,0.179075,0.985482,0.179075,0.717096,0.344236,0.717096,0.344236,0.985482,0.0548832,0.985482,0.0548833,0.717096,0.0961735,0.717096,0.0961735,0.985482,0.013593,0.985482,0.013593,0.717096,0.137464,0.985482,0.137464,0.717096,0.178754,0.717096,0.178754,0.985482,0.880689,0.406776,0.0548838,0.406776]],
    "vertices":[-3.4,2.6,-0.7,3.4,2.6,-0.7,-3,2.6,-0.7,3,2.6,-0.7,-3.4,2.6,-0.3,3.4,2.6,-0.3,-3,2.6,-0.3,3,2.6,-0.3,3,4.46239e-07,-0.7,3.4,4.46239e-07,-0.7,3.4,4.63724e-07,-0.3,3,4.63724e-07,-0.3,-3.4,4.46239e-07,-0.7,-3,4.46239e-07,-0.7,-3,4.63724e-07,-0.3,-3.4,4.63724e-07,-0.3,-4,2.3131,0.999999,-4,2.7131,0.999999,-4,2.3131,-2,-4,2.7131,-2,4,2.31309,0.999999,4,2.7131,0.999999,4,2.31309,-2,4,2.7131,-2],
    "faces":[43,8,9,10,11,0,0,1,2,3,0,1,2,3,43,16,18,22,20,0,4,5,6,7,3,0,1,2,43,17,19,18,16,0,8,9,10,11,4,5,0,3,43,21,17,16,20,0,12,8,13,14,6,4,3,2,43,23,21,20,22,0,15,12,16,17,7,6,2,1,43,12,13,14,15,0,18,19,20,21,0,1,2,3,43,1,9,8,3,0,22,23,24,25,8,1,0,9,43,5,10,9,1,0,26,27,23,22,10,2,1,8,43,7,11,10,5,0,28,29,27,26,11,3,2,10,43,3,8,11,7,0,25,24,30,31,9,0,3,11,43,12,0,2,13,0,34,35,32,33,0,9,8,1,43,6,14,13,2,0,36,37,33,32,10,2,1,8,43,4,15,14,6,0,38,39,40,41,11,3,2,10,43,0,12,15,4,0,35,34,39,38,9,0,3,11,43,19,23,22,18,0,9,15,42,43,5,7,1,0,43,21,23,19,17,0,12,15,9,8,6,7,5,4],
    "materials":[{
        "colorEmissive":[0,0,0],
        "mapDiffuseAnisotropy":1,
        "transparent":false,
        "DbgColor":15658734,
        "visible":true,
        "mapDiffuse":"bench_wood_2_1.tex.png",
        "opacity":1,
        "depthWrite":true,
        "DbgName":"TableWoodMat.001",
        "mapDiffuseWrap":["RepeatWrapping","RepeatWrapping"],
        "mapDiffuseRepeat":[1,1],
        "depthTest":true,
        "shading":"lambert",
        "DbgIndex":0,
        "blending":"NormalBlending",
        "wireframe":false,
        "colorDiffuse":[0.8,0.8,0.8]
    }]
}