{
    "metadata":{
        "vertices":80,
        "faces":76,
        "type":"Geometry",
        "version":3,
        "uvs":1,
        "generator":"io_three",
        "normals":24,
        "bones":5,
        "materials":1
    },
    "uvs":[[0.0979859,0.443551,0.000382928,0.443551,0.000382939,0.409684,0.097986,0.409684,0.097986,0.511283,0.000382924,0.511283,0.000382928,0.477417,0.097986,0.477417,0.00763666,0.624633,0.00763666,0.586771,0.041503,0.586771,0.041503,0.624633,0.0979859,0.477417,0.0979859,0.54515,0.000382921,0.54515,0.0979859,0.511283,0.041503,0.586771,0.0753693,0.586771,0.0753693,0.624633,0.041503,0.624633,0.140027,0.281434,0.116194,0.281434,0.116194,0.0697198,0.140027,0.0697198,0.966218,0.281434,0.966218,0.0697198,0.99005,0.0697198,0.99005,0.281434,0.75967,0.493149,0.966218,0.493149,0.966218,0.535492,0.75967,0.535492,0.75967,0.747206,0.966218,0.747206,0.966218,0.958921,0.75967,0.958921,0.75967,0.027377,0.966218,0.0273769,0.75967,0.0697198,0.553122,0.281434,0.553122,0.0697198,0.75967,0.281434,0.140027,0.0273772,0.553122,0.0273771,0.140027,0.747206,0.553122,0.747206,0.553122,0.95892,0.140026,0.95892,0.140027,0.493149,0.553122,0.493149,0.553122,0.535492,0.140027,0.535491,0.121167,0.636721,0.138745,0.636721,0.138744,0.742188,0.121167,0.742188,0.966218,0.387292,0.75967,0.387292,0.140027,0.641349,0.553122,0.641349,0.121167,0.955917,0.121167,0.850451,0.138744,0.850451,0.138745,0.955917,0.553122,0.387292,0.140027,0.387292,0.75967,0.641349,0.966218,0.641349,0.99005,0.387291,0.116194,0.387292,0.116194,0.493149,0.99005,0.493149,0.138745,0.528458,0.121167,0.528458]],
    "vertices":[1.03113,4.24011,-0.609229,1.03113,3.77784,-0.609229,1.03113,4.24011,0.582417,1.03113,3.77784,0.582417,0.568868,4.24011,-0.609229,0.568868,3.77784,-0.609229,0.568868,4.24011,0.582417,0.568868,3.77784,0.582417,-2.38419e-07,-8.74228e-09,-0.2,-2.38419e-07,8.74228e-09,0.2,-4,8.74227e-09,0.2,-4,-8.7423e-09,-0.2,2.38419e-07,8,-0.2,-9.53674e-07,8,0.2,-4,8,0.199999,-4,8,-0.2,0,4.35269,-0.2,-5.96046e-07,4.35269,0.2,-4,4.35269,0.2,-4,4.35269,-0.2,2.38419e-07,6.81632,-0.2,-8.34465e-07,6.81632,0.2,-4,6.81632,0.199999,-4,6.81632,-0.2,-3.2,-8.74229e-09,-0.2,-3.2,8.74227e-09,0.2,-3.2,8,-0.2,-3.2,8,0.199999,-3.2,4.35269,-0.2,-3.2,4.35269,0.2,-3.2,6.81632,-0.2,-3.2,6.81632,0.199999,-0.8,-8.74229e-09,-0.2,-0.8,8.74227e-09,0.2,-0.8,8,-0.2,-0.800001,8,0.2,-0.8,4.35269,-0.2,-0.8,4.35269,0.2,-0.8,6.81632,-0.2,-0.800001,6.81632,0.2,4,-8.74253e-09,-0.2,4,8.74202e-09,0.2,-1.09808e-15,-2.29676e-07,0.2,4.76837e-07,-2.47161e-07,-0.2,4,8,-0.2,4,8,0.2,-4.76837e-07,8,0.199999,1.14785e-13,8,-0.2,4,4.35269,-0.2,4,4.35269,0.2,6.07574e-14,4.35269,0.2,2.38419e-07,4.35269,-0.2,4,6.81632,-0.2,4,6.81632,0.2,-4.76837e-07,6.81632,0.199999,9.79639e-14,6.81632,-0.2,0.8,-1.99477e-07,-0.2,0.8,-1.81993e-07,0.2,0.8,8,-0.2,0.8,8,0.199999,0.8,4.35269,-0.2,0.8,4.35269,0.2,0.8,6.81632,-0.2,0.8,6.81632,0.199999,3.2,-5.64262e-08,-0.2,3.2,-3.89416e-08,0.2,3.2,8,-0.2,3.2,8,0.2,3.2,4.35269,-0.2,3.2,4.35269,0.2,3.2,6.81632,-0.2,3.2,6.81632,0.2,-0.568868,4.24011,-0.609229,-0.568868,3.77784,-0.609229,-0.568868,4.24011,0.582417,-0.568868,3.77784,0.582417,-1.03113,4.24011,-0.609229,-1.03113,3.77784,-0.609229,-1.03113,4.24011,0.582417,-1.03113,3.77784,0.582417],
    "skinIndices":[2,0,2,0,2,0,2,0,2,0,2,0,2,0,2,0,4,0,4,0,4,0,4,0,4,0,4,0,4,0,4,0,4,0,4,0,4,0,4,0,4,0,4,0,4,0,4,0,4,0,4,0,4,0,4,0,4,0,4,0,4,0,4,0,4,0,4,0,4,0,4,0,4,0,4,0,4,0,4,0,2,0,2,0,2,0,2,0,2,0,2,0,2,0,2,0,2,0,2,0,2,0,2,0,2,0,2,0,2,0,2,0,2,0,2,0,2,0,2,0,2,0,2,0,2,0,2,0,2,0,2,0,2,0,2,0,2,0,2,0,2,0,2,0,4,0,4,0,4,0,4,0,4,0,4,0,4,0,4,0],
    "influencesPerVertex":2,
    "faces":[43,7,5,1,3,0,0,1,2,3,0,1,2,3,43,6,4,5,7,0,4,5,6,7,4,5,1,0,43,2,6,7,3,0,8,9,10,11,6,4,0,3,43,2,0,4,6,0,1,0,12,6,6,7,5,4,43,0,2,3,1,0,13,14,5,15,7,6,3,2,43,4,0,1,5,0,16,17,18,19,5,7,2,1,43,24,25,10,11,0,20,21,22,23,8,9,0,1,43,26,15,14,27,0,24,25,26,27,10,5,4,11,43,20,12,13,21,0,28,29,30,31,12,7,6,13,43,31,27,14,22,0,32,33,34,35,14,11,4,15,43,22,14,15,23,0,36,37,25,38,15,4,5,16,43,28,24,11,19,0,39,20,23,40,17,8,1,16,43,30,28,19,23,0,41,39,40,38,18,17,16,16,43,10,18,19,11,0,42,43,40,23,0,15,16,1,43,25,29,18,10,0,44,45,46,47,9,19,15,0,43,8,16,17,9,0,48,49,50,51,2,12,13,3,43,26,30,23,15,0,24,41,38,25,10,18,16,5,43,18,22,23,19,0,43,36,38,40,15,15,16,16,43,29,31,22,18,0,45,32,35,46,19,14,15,15,43,16,20,21,17,0,49,28,31,50,12,12,13,13,43,28,29,37,36,0,52,53,54,55,17,19,20,21,43,34,38,30,26,0,56,57,41,24,10,22,18,10,43,33,37,29,25,0,58,59,45,44,9,20,19,9,43,30,38,39,31,0,60,61,62,63,18,22,23,14,43,36,32,24,28,0,64,65,20,39,21,8,8,17,43,39,35,27,31,0,66,67,33,32,23,11,11,14,43,34,26,27,35,0,56,24,27,68,10,10,11,11,43,32,33,25,24,0,65,69,21,20,8,9,9,8,43,8,9,33,32,0,48,70,69,65,2,3,9,8,43,12,34,35,13,0,29,56,68,71,7,10,11,6,43,21,13,35,39,0,31,30,67,66,13,6,11,23,43,16,8,32,36,0,49,48,65,64,12,2,8,21,43,20,16,36,38,0,28,49,64,57,12,12,21,22,43,9,17,37,33,0,51,50,59,58,3,13,20,9,43,12,20,38,34,0,29,28,57,56,7,12,22,10,43,17,21,39,37,0,50,31,66,59,13,13,23,20,43,31,29,28,30,0,72,53,52,73,14,19,17,18,43,36,37,39,38,0,55,54,62,61,21,20,23,22,43,56,57,42,43,0,20,21,22,23,8,9,0,1,43,58,47,46,59,0,24,25,26,27,10,5,4,11,43,52,44,45,53,0,28,29,30,31,12,7,6,13,43,63,59,46,54,0,32,33,34,35,14,11,4,15,43,54,46,47,55,0,36,37,25,38,15,4,5,16,43,60,56,43,51,0,39,20,23,40,17,8,1,16,43,62,60,51,55,0,41,39,40,38,18,17,16,16,43,42,50,51,43,0,42,43,40,23,0,15,16,1,43,57,61,50,42,0,44,45,46,47,9,19,15,0,43,40,48,49,41,0,48,49,50,51,2,12,13,3,43,58,62,55,47,0,24,41,38,25,10,18,16,5,43,50,54,55,51,0,43,36,38,40,15,15,16,16,43,61,63,54,50,0,45,32,35,46,19,14,15,15,43,48,52,53,49,0,49,28,31,50,12,12,13,13,43,60,61,69,68,0,52,53,54,55,17,19,20,21,43,66,70,62,58,0,56,57,41,24,10,22,18,10,43,65,69,61,57,0,58,59,45,44,9,20,19,9,43,62,70,71,63,0,60,61,62,63,18,22,23,14,43,68,64,56,60,0,64,65,20,39,21,8,8,17,43,71,67,59,63,0,66,67,33,32,23,11,11,14,43,66,58,59,67,0,56,24,27,68,10,10,11,11,43,64,65,57,56,0,65,69,21,20,8,9,9,8,43,40,41,65,64,0,48,70,69,65,2,3,9,8,43,44,66,67,45,0,29,56,68,71,7,10,11,6,43,53,45,67,71,0,31,30,67,66,13,6,11,23,43,48,40,64,68,0,49,48,65,64,12,2,8,21,43,52,48,68,70,0,28,49,64,57,12,12,21,22,43,41,49,69,65,0,51,50,59,58,3,13,20,9,43,44,52,70,66,0,29,28,57,56,7,12,22,10,43,49,53,71,69,0,50,31,66,59,13,13,23,20,43,63,61,60,62,0,72,53,52,73,14,19,17,18,43,68,69,71,70,0,55,54,62,61,21,20,23,22,43,79,77,73,75,0,0,1,2,3,0,1,2,3,43,78,76,77,79,0,4,5,6,7,4,5,1,0,43,74,78,79,75,0,8,9,10,11,6,4,0,3,43,74,72,76,78,0,1,0,12,6,6,7,5,4,43,72,74,75,73,0,13,14,5,15,7,6,3,2,43,76,72,73,77,0,16,17,18,19,5,7,2,1],
    "normals":[-0.577349,-0.577349,0.577349,-0.577349,-0.577349,-0.577349,0.577349,-0.577349,-0.577349,0.577349,-0.577349,0.577349,-0.577349,0.577349,0.577349,-0.577349,0.577349,-0.577349,0.577349,0.577349,0.577349,0.577349,0.577349,-0.577349,0,-0.707083,-0.707083,0,-0.707083,0.707083,0,0.707083,-0.707083,0,0.707083,0.707083,0.707083,0,-0.707083,0.707083,0,0.707083,0.301492,-0.301492,0.904508,-0.707083,0,0.707083,-0.707083,0,-0.707083,0.301492,0.301492,-0.904508,0.301492,-0.301492,-0.904508,0.301492,0.301492,0.904508,-0.301492,0.301492,0.904508,-0.301492,0.301492,-0.904508,-0.301492,-0.301492,-0.904508,-0.301492,-0.301492,0.904508],
    "skinWeights":[1,0,1,0,1,0,1,0,1,0,1,0,1,0,1,0,1,0,1,0,1,0,1,0,1,0,1,0,1,0,1,0,1,0,1,0,1,0,1,0,1,0,1,0,1,0,1,0,1,0,1,0,1,0,1,0,1,0,1,0,1,0,1,0,1,0,1,0,1,0,1,0,1,0,1,0,1,0,1,0,1,0,1,0,1,0,1,0,1,0,1,0,1,0,1,0,1,0,1,0,1,0,1,0,1,0,1,0,1,0,1,0,1,0,1,0,1,0,1,0,1,0,1,0,1,0,1,0,1,0,1,0,1,0,1,0,1,0,1,0,1,0,1,0,1,0,1,0,1,0,1,0,1,0,1,0,1,0,1,0],
    "bones":[{
        "parent":-1,
        "rotq":[0,0,0,1],
        "pos":[0,0,-0],
        "name":"Bone.Basic"
    },{
        "parent":0,
        "rotq":[0,0,0,1],
        "pos":[0,2.38509,-0],
        "name":"l_Bone.Basic"
    },{
        "parent":1,
        "rotq":[0,0,0,1],
        "pos":[4,1.61491,-0],
        "name":"l_Bone.Door"
    },{
        "parent":0,
        "rotq":[0,0,0,1],
        "pos":[0,2.38509,-0],